id,word,word_nikud,category,transliteration,translation_en,audio_file,difficulty,tags,images
1,אני,אֲנִי,כינויי גוף,Ani,I,pronoun_ani.wav,1,כינויי_גוף,
2,אתה,אַתָּה,כינויי גוף,Atah,"You (m, sg)",pronoun_atah.wav,1,כינויי_גוף,
3,את,אַתְּ,כינויי גוף,At,"You (f, sg)",pronoun_at.wav,1,כינויי_גוף,
4,הוא,הוּא,כינויי גוף,Hu,He,pronoun_hu.wav,1,כינויי_גוף,
5,היא,הִיא,כינויי גוף,Hi,She,pronoun_hi.wav,1,כינויי_גוף,
6,אנחנו,אֲנַחְנוּ,כינויי גוף,Anachnu,We,pronoun_anachnu.wav,1,כינויי_גוף,
7,אתם,אַתֶּם,כינויי גוף,Atem,"You (m, pl)",pronoun_atem.wav,1,כינויי_גוף,
8,אתן,אַתֶּן,כינויי גוף,Aten,"You (f, pl)",pronoun_aten.wav,1,כינויי_גוף,
9,הם,הֵם,כינויי גוף,Hem,"They (m, pl)",pronoun_hem.wav,1,כינויי_גוף,
10,הן,הֵן,כינויי גוף,Hen,"They (f, pl)",pronoun_hen.wav,1,כינויי_גוף,
11,אחת,אַחַת,מספרים,Achat,One (f),number_1_f.wav,1,מספרים,
12,שתים,שְׁתַּיִם,מספרים,Shtayim,Two (f),number_2_f.wav,1,מספרים,
13,אדם,אָדֹם,צבעים,Adom,Red,color_adom.wav,1,צבעים,
14,כחל,כָּחֹל,צבעים,Kachol,Blue,color_kachol.wav,1,צבעים,
15,ירק,יָרֹק,צבעים,Yarok,Green,color_yarok.wav,1,צבעים,
16,צהב,צָהֹב,צבעים,Tzahov,Yellow,color_tzahov.wav,1,צבעים,
17,שחור,שָׁחוֹר,צבעים,Shachor,Black,color_shachor.wav,1,צבעים,
18,לבן,לָבָן,צבעים,Lavan,White,color_lavan.wav,1,צבעים,
19,מי,מִי,מילות שאלה,Mi,Who,question_mi.wav,1,מילות_שאלה,
20,מה,מָה,מילות שאלה,Ma,What,question_ma.wav,1,מילות_שאלה,
21,מתי,מָתַי,מילות שאלה,Matay,When,question_matay.wav,1,מילות_שאלה,
22,איפה,אֵיפֹה,מילות שאלה,Eifo,Where,question_eifo.wav,1,מילות_שאלה,
23,למה,לָמָּה,מילות שאלה,Lama,Why,question_lama.wav,1,מילות_שאלה,
24,איך,אֵיךְ,מילות שאלה,Eich,How,question_eich.wav,1,מילות_שאלה,
25,כמה,כַּמָּה,מילות שאלה,Kama,How much/many,question_kama.wav,1,מילות_שאלה,
26,גדול,גָּדוֹל,שמות תואר,Gadol,Big,adj_gadol.wav,2,שמות_תואר,
27,קטן,קָטָן,שמות תואר,Katan,Small,adj_katan.wav,2,שמות_תואר,
28,טוב,טוֹב,שמות תואר,Tov,Good,adj_tov.wav,2,שמות_תואר,
29,רע,רַע,שמות תואר,Ra,Bad,adj_ra.wav,2,שמות_תואר,
30,חדש,חָדָשׁ,שמות תואר,Chadash,New,adj_chadash.wav,2,שמות_תואר,
31,ישן,יָשָׁן,שמות תואר,Yashan,Old,adj_yashan.wav,2,שמות_תואר,
32,חם,חַם,שמות תואר,Cham,Hot,adj_cham.wav,2,שמות_תואר,
33,קר,קַר,שמות תואר,Kar,Cold,adj_kar.wav,2,שמות_תואר,
34,להיות,לִהְיוֹת,פעלים,Lihyot,To be,verb_lihyot.wav,2,פעלים,
35,לעשות,לַעֲשׂוֹת,פעלים,La'asot,To do/make,verb_laasot.wav,2,פעלים,
36,ללכת,לָלֶכֶת,פעלים,Lalechet,To go/walk,verb_lalechet.wav,2,פעלים,
37,לבוא,לָבוֹא,פעלים,Lavo,To come,verb_lavo.wav,2,פעלים,
38,לאכל,לֶאֱכֹל,פעלים,Le'echol,To eat,verb_leechol.wav,2,פעלים,
39,לשתות,לִשְׁתּוֹת,פעלים,Lishtot,To drink,verb_lishtot.wav,2,פעלים,
40,לראות,לִרְאוֹת,פעלים,Lir'ot,To see,verb_lirot.wav,2,פעלים,
41,לשמע,לִשְׁמֹעַ,פעלים,Lishmoa,To hear,verb_lishmoa.wav,2,פעלים,
42,לדבר,לְדַבֵּר,פעלים,Ledaber,To speak,verb_ledaber.wav,2,פעלים,
43,לתת,לָתֵת,פעלים,Latet,To give,verb_latet.wav,2,פעלים,
44,אבא,אַבָּא,בני משפחה,Aba,Father/Dad,family_aba.wav,1,בני_משפחה,
45,אמא,אִמָּא,בני משפחה,Ima,Mother/Mom,family_ima.wav,1,בני_משפחה,
46,אח,אָח,בני משפחה,Ach,Brother,family_ach.wav,1,בני_משפחה,
47,אחות,אָחוֹת,בני משפחה,Achot,Sister,family_achot.wav,1,בני_משפחה,
48,סבא,סַבָּא,בני משפחה,Saba,Grandfather,family_saba.wav,1,בני_משפחה,
49,סבתא,סָבְתָא,בני משפחה,Savta,Grandmother,family_savta.wav,1,בני_משפחה,
50,בן,בֵּן,בני משפחה,Ben,Son,family_ben.wav,1,בני_משפחה,
51,בת,בַּת,בני משפחה,Bat,Daughter,family_bat.wav,1,בני_משפחה,
52,שמח,שַׂמֵחַ,תחושות ורגשות,Same'ach,Happy,feeling_sameach.wav,3,תחושות_ורגשות,
53,עצוב,עָצוּב,תחושות ורגשות,Atzuv,Sad,feeling_atzuv.wav,3,תחושות_ורגשות,
54,כועס,כּוֹעֵס,תחושות ורגשות,Ko'es,Angry,feeling_koes.wav,3,תחושות_ורגשות,
55,עיף,עָיֵף,תחושות ורגשות,Ayef,Tired,feeling_ayef.wav,3,תחושות_ורגשות,
56,רעב,רָעֵב,תחושות ורגשות,Ra'ev,Hungry,feeling_raev.wav,3,תחושות_ורגשות,
57,צמא,צָמֵא,תחושות ורגשות,Tzame,Thirsty,feeling_tzame.wav,3,תחושות_ורגשות,
58,חולה,חוֹלֶה,תחושות ורגשות,Chole,Sick,feeling_chole.wav,3,תחושות_ורגשות,
59,בריא,בָּרִיא,תחושות ורגשות,Bari,Healthy,feeling_bari.wav,3,תחושות_ורגשות,
60,מפחד,מְפַחֵד,תחושות ורגשות,Mefached,Scared/Afraid,feeling_mefached.wav,3,תחושות_ורגשות,
61,אוהב,אוֹהֵב,תחושות ורגשות,Ohev,"Love (verb, m)",feeling_ohev.wav,3,תחושות_ורגשות,
62,בית,בַּיִת,בית וחפצים,Bayit,House/Home,home_bayit.wav,2,בית_וחפצים,
63,דלת,דֶּלֶת,בית וחפצים,Delet,Door,home_delet.wav,2,בית_וחפצים,
64,חלון,חַלּוֹן,בית וחפצים,Chalon,Window,home_chalon.wav,2,בית_וחפצים,
65,שלחן,שֻׁלְחָן,בית וחפצים,Shulchan,Table,home_shulchan.wav,2,בית_וחפצים,
66,כסא,כִּסֵּא,בית וחפצים,Kise,Chair,home_kise.wav,2,בית_וחפצים,
67,מטה,מִטָּה,בית וחפצים,Mita,Bed,home_mita.wav,2,בית_וחפצים,
68,מטבח,מִטְבָּח,בית וחפצים,Mitbach,Kitchen,home_mitbach.wav,2,בית_וחפצים,
69,מקלחת,מִקְלַחַת,בית וחפצים,Miklachat,Shower,home_miklachat.wav,2,בית_וחפצים,
70,טלויזיה,טֶלֶוִיזְיָה,בית וחפצים,Televizia,Television,home_televizia.wav,2,בית_וחפצים,
71,מחשב,מַחְשֵׁב,בית וחפצים,Machshev,Computer,home_machshev.wav,2,בית_וחפצים,
72,כלב,כֶּלֶב,בעלי חיים,Kelev,Dog,animal_kelev.wav,2,בעלי_חיים,
73,חתול,חָתוּל,בעלי חיים,Chatul,Cat,animal_chatul.wav,2,בעלי_חיים,
74,אריה,אַרְיֵה,בעלי חיים,Arye,Lion,animal_arye.wav,2,בעלי_חיים,
75,צפור,צִפּוֹר,בעלי חיים,Tzipor,Bird,animal_tzipor.wav,2,בעלי_חיים,
76,דג,דָּג,בעלי חיים,Dag,Fish,animal_dag.wav,2,בעלי_חיים,
77,סוס,סוּס,בעלי חיים,Sus,Horse,animal_sus.wav,2,בעלי_חיים,
78,פרה,פָּרָה,בעלי חיים,Para,Cow,animal_para.wav,2,בעלי_חיים,
79,נחש,נָחָשׁ,בעלי חיים,Nachash,Snake,animal_nachash.wav,2,בעלי_חיים,
80,לחם,לֶחֶם,מזון ומשקאות,Lechem,Bread,food_lechem.wav,2,מזון_ומשקאות,
81,מים,מַיִם,מזון ומשקאות,Mayim,Water,food_mayim.wav,2,מזון_ומשקאות,
82,חלב,חָלָב,מזון ומשקאות,Chalav,Milk,food_chalav.wav,2,מזון_ומשקאות,
83,פרי,פְּרִי,מזון ומשקאות,Pri,Fruit,food_pri.wav,2,מזון_ומשקאות,
84,ירק,יֶרֶק,מזון ומשקאות,Yerek,Vegetable,food_yerek.wav,2,מזון_ומשקאות,
85,בשר,בָּשָׂר,מזון ומשקאות,Basar,Meat,food_basar.wav,2,מזון_ומשקאות,
86,עוף,עוֹף,מזון ומשקאות,Of,Chicken,food_of.wav,2,מזון_ומשקאות,
87,ביצה,בֵּיצָה,מזון ומשקאות,Beitza,Egg,food_beitza.wav,2,מזון_ומשקאות,
88,גבינה,גְּבִינָה,מזון ומשקאות,Gvina,Cheese,food_gvina.wav,2,מזון_ומשקאות,
89,מיץ,מִיץ,מזון ומשקאות,Mitz,Juice,food_mitz.wav,2,מזון_ומשקאות,
90,יום,יוֹם,מושגי זמן,Yom,Day,time_yom.wav,3,מושגי_זמן,
91,לילה,לַיְלָה,מושגי זמן,Layla,Night,time_layla.wav,3,מושגי_זמן,
92,בקר,בֹּקֶר,מושגי זמן,Boker,Morning,time_boker.wav,3,מושגי_זמן,
93,ערב,עֶרֶב,מושגי זמן,Erev,Evening,time_erev.wav,3,מושגי_זמן,
94,שבוע,שָׁבוּעַ,מושגי זמן,Shavua,Week,time_shavua.wav,3,מושגי_זמן,
95,חדש,חֹדֶשׁ,מושגי זמן,Chodesh,Month,time_chodesh.wav,3,מושגי_זמן,
96,שנה,שָׁנָה,מושגי זמן,Shana,Year,time_shana.wav,3,מושגי_זמן,
97,אתמול,אֶתְמוֹל,מושגי זמן,Etmol,Yesterday,time_etmol.wav,3,מושגי_זמן,
98,היום,הַיּוֹם,מושגי זמן,Hayom,Today,time_hayom.wav,3,מושגי_זמן,
99,מחר,מָחָר,מושגי זמן,Machar,Tomorrow,time_machar.wav,3,מושגי_זמן,
100,שעה,שָׁעָה,מושגי זמן,Sha'a,Hour,time_shaa.wav,3,מושגי_זמן,
101,דקה,דַּקָּה,מושגי זמן,Daka,Minute,time_daka.wav,3,מושגי_זמן,
102,חולצה,חוּלְצָה,ביגוד והנעלה,Chultza,Shirt,clothing_chultza.wav,3,ביגוד_והנעלה,
103,מכנסים,מִכְנָסַיִם,ביגוד והנעלה,Michnasayim,Pants,clothing_michnasayim.wav,3,ביגוד_והנעלה,
104,שמלה,שִׂמְלָה,ביגוד והנעלה,Simla,Dress,clothing_simla.wav,3,ביגוד_והנעלה,
105,נעלים,נַעֲלַיִם,ביגוד והנעלה,Na'alayim,Shoes,clothing_naalayim.wav,3,ביגוד_והנעלה,
106,כובע,כּוֹבַע,ביגוד והנעלה,Kova,Hat,clothing_kova.wav,3,ביגוד_והנעלה,
107,מעיל,מְעִיל,ביגוד והנעלה,Me'il,Coat/Jacket,clothing_meil.wav,3,ביגוד_והנעלה,
108,גרבים,גַּרְבַּיִם,ביגוד והנעלה,Garbayim,Socks,clothing_garbayim.wav,3,ביגוד_והנעלה,
109,מורה,מוֹרֶה,מקצועות ועיסוקים,Moreh,Teacher (m),job_moreh.wav,3,מקצועות_ועיסוקים,
110,מורה,מוֹרָה,מקצועות ועיסוקים,Mora,Teacher (f),job_mora.wav,3,מקצועות_ועיסוקים,
111,רופא,רוֹפֵא,מקצועות ועיסוקים,Rofe,Doctor (m),job_rofe.wav,3,מקצועות_ועיסוקים,
112,רופאה,רוֹפְאָה,מקצועות ועיסוקים,Rof'a,Doctor (f),job_rofa.wav,3,מקצועות_ועיסוקים,
113,שוטר,שׁוֹטֵר,מקצועות ועיסוקים,Shoter,Policeman,job_shoter.wav,3,מקצועות_ועיסוקים,
114,מהנדס,מְהַנְדֵּס,מקצועות ועיסוקים,Mehandes,Engineer,job_mehandes.wav,3,מקצועות_ועיסוקים,
115,טבח,טַבָּח,מקצועות ועיסוקים,Tabach,Cook/Chef,job_tabach.wav,3,מקצועות_ועיסוקים,
116,נהג,נַהָג,מקצועות ועיסוקים,Nahag,Driver,job_nahag.wav,3,מקצועות_ועיסוקים,
117,חיל,חַיָּל,מקצועות ועיסוקים,Chayal,Soldier,job_chayal.wav,3,מקצועות_ועיסוקים,
118,בתספר,בֵּתסֵפֶר,מקומות,Beit Sefer,School,place_beit_sefer.wav,3,מקומות,
119,בתחולים,בֵּתחוֹלִים,מקומות,Beit Cholim,Hospital,place_beit_cholim.wav,3,מקומות,
120,חנות,חֲנוּת,מקומות,Chanut,Store/Shop,place_chanut.wav,3,מקומות,
121,רחוב,רְחוֹב,מקומות,Rechov,Street,place_rechov.wav,3,מקומות,
122,עיר,עִיר,מקומות,Ir,City,place_ir.wav,3,מקומות,
123,ים,יָם,מקומות,Yam,Sea,place_yam.wav,3,מקומות,
124,הר,הַר,מקומות,Har,Mountain,place_har.wav,3,מקומות,
125,יער,יַעַר,מקומות,Ya'ar,Forest,place_yaar.wav,3,מקומות,
126,שדה,שָׂדֶה,מקומות,Sadeh,Field,place_sadeh.wav,3,מקומות,
127,יום ראשון,יוֹם רִאשׁוֹן,ימות השבוע,Yom Rishon,Sunday,day_rishon.wav,3,ימות_השבוע,
128,יום שני,יוֹם שֵׁנִי,ימות השבוע,Yom Sheni,Monday,day_sheni.wav,3,ימות_השבוע,
129,יום שלישי,יוֹם שְׁלִישִׁי,ימות השבוע,Yom Shlishi,Tuesday,day_shlishi.wav,3,ימות_השבוע,
130,יום רביעי,יוֹם רְבִיעִי,ימות השבוע,Yom Revi'i,Wednesday,day_revii.wav,3,ימות_השבוע,
131,יום חמישי,יוֹם חֲמִישִׁי,ימות השבוע,Yom Chamishi,Thursday,day_chamishi.wav,3,ימות_השבוע,
132,יום ששי,יוֹם שִׁשִּׁי,ימות השבוע,Yom Shishi,Friday,day_shishi.wav,3,ימות_השבוע,
133,שבת,שַׁבָּת,ימות השבוע,Shabbat,Saturday/Sabbath,day_shabbat.wav,3,ימות_השבוע,
134,ב...,בְּ...,מילות יחס,Be...,In/At,prep_be.wav,4,מילות_יחס,
135,ל...,לְ...,מילות יחס,Le...,To/For,prep_le.wav,4,מילות_יחס,
136,מ...,מִ...,מילות יחס,Mi...,From,prep_mi.wav,4,מילות_יחס,
137,על,עַל,מילות יחס,Al,On/About,prep_al.wav,4,מילות_יחס,
138,עם,עִם,מילות יחס,Im,With,prep_im.wav,4,מילות_יחס,
139,של,שֶׁל,מילות יחס,Shel,Of (belonging to),prep_shel.wav,4,מילות_יחס,
140,את,אֶת,מילות יחס,Et,(Direct object marker),prep_et.wav,4,מילות_יחס,
141,בין,בֵּין,מילות יחס,Bein,Between/Among,prep_bein.wav,4,מילות_יחס,
142,לפני,לִפְנֵי,מילות יחס,Lifnei,Before,prep_lifnei.wav,4,מילות_יחס,
143,אחרי,אַחֲרֵי,מילות יחס,Acharei,After,prep_acharei.wav,4,מילות_יחס,
144,תחת,תַּחַת,מילות יחס,Tachat,Under,prep_tachat.wav,4,מילות_יחס,
145,ליד,לְיַד,מילות יחס,Leyad,Next to/Near,prep_leyad.wav,4,מילות_יחס,
146,ראש,רֹאשׁ,חלקי גוף,Rosh,Head,body_rosh.wav,2,חלקי_גוף,
147,עין,עַיִן,חלקי גוף,Ayin,Eye,body_ayin.wav,2,חלקי_גוף,
148,אזן,אֹזֶן,חלקי גוף,Ozen,Ear,body_ozen.wav,2,חלקי_גוף,
149,אף,אַף,חלקי גוף,Af,Nose,body_af.wav,2,חלקי_גוף,
150,פה,פֶּה,חלקי גוף,Peh,Mouth,body_peh.wav,2,חלקי_גוף,
151,יד,יָד,חלקי גוף,Yad,Hand,body_yad.wav,2,חלקי_גוף,
152,רגל,רֶגֶל,חלקי גוף,Regel,Leg/Foot,body_regel.wav,2,חלקי_גוף,
153,שער,שֵׂעָר,חלקי גוף,Se'ar,Hair,body_sear.wav,2,חלקי_גוף,
154,לב,לֵב,חלקי גוף,Lev,Heart,body_lev.wav,2,חלקי_גוף,
155,בטן,בֶּטֶן,חלקי גוף,Beten,Stomach,body_beten.wav,2,חלקי_גוף,
156,שמים,שָׁמַיִם,טבע ומזג אוויר,Shamayim,Sky,nature_shamayim.wav,3,טבע_ומזג_אוויר,
157,אדמה,אֲדָמָה,טבע ומזג אוויר,Adama,Earth/Ground,nature_adama.wav,3,טבע_ומזג_אוויר,
158,אויר,אֲוִיר,טבע ומזג אוויר,Avir,Air,nature_avir.wav,3,טבע_ומזג_אוויר,
159,אש,אֵשׁ,טבע ומזג אוויר,Esh,Fire,nature_esh.wav,3,טבע_ומזג_אוויר,
160,גשם,גֶּשֶׁם,טבע ומזג אוויר,Geshem,Rain,nature_geshem.wav,3,טבע_ומזג_אוויר,
161,שלג,שֶׁלֶג,טבע ומזג אוויר,Sheleg,Snow,nature_sheleg.wav,3,טבע_ומזג_אוויר,
162,שמש,שֶׁמֶשׁ,טבע ומזג אוויר,Shemesh,Sun,nature_shemesh.wav,3,טבע_ומזג_אוויר,
163,ענן,עָנָן,טבע ומזג אוויר,Anan,Cloud,nature_anan.wav,3,טבע_ומזג_אוויר,
164,רוח,רוּחַ,טבע ומזג אוויר,Ruach,Wind,nature_ruach.wav,3,טבע_ומזג_אוויר,
165,פרח,פֶּרַח,טבע ומזג אוויר,Perach,Flower,nature_perach.wav,3,טבע_ומזג_אוויר,
166,עץ,עֵץ,טבע ומזג אוויר,Etz,Tree,nature_etz.wav,3,טבע_ומזג_אוויר,
167,לחשב,לַחְשֹׁב,פעלים נוספים,Lachshov,To think,verb_lachshov.wav,3,פעלים_נוספים,
168,ללמד,לִלְמֹד,פעלים נוספים,Lilmod,To learn,verb_lilmod.wav,3,פעלים_נוספים,
169,להבין,לְהָבִין,פעלים נוספים,Lehavin,To understand,verb_lehavin.wav,3,פעלים_נוספים,
170,לשאל,לִשְׁאֹל,פעלים נוספים,Lish'ol,To ask,verb_lishol.wav,3,פעלים_נוספים,
171,לענות,לַעֲנוֹת,פעלים נוספים,La'anot,To answer,verb_laanot.wav,3,פעלים_נוספים,
172,לעבד,לַעֲבֹד,פעלים נוספים,La'avod,To work,verb_laavod.wav,3,פעלים_נוספים,
173,לשחק,לְשַׂחֵק,פעלים נוספים,Lesachek,To play,verb_lesachek.wav,3,פעלים_נוספים,
174,לקרא,לִקְרֹא,פעלים נוספים,Likro,To read,verb_likro.wav,3,פעלים_נוספים,
175,לכתב,לִכְתֹּב,פעלים נוספים,Lichtov,To write,verb_lichtov.wav,3,פעלים_נוספים,
176,לנוח,לָנוּחַ,פעלים נוספים,Lanuach,To rest,verb_lanuach.wav,3,פעלים_נוספים,
177,לעזר,לַעֲזֹר,פעלים נוספים,La'azor,To help,verb_laazor.wav,3,פעלים_נוספים,
178,לרוץ,לָרוּץ,פעלים נוספים,Larutz,To run,verb_larutz.wav,3,פעלים_נוספים,
179,ו...,וְ...,מילות קישור,Ve...,And,connector_ve.wav,3,מילות_קישור,
180,אבל,אֲבָל,מילות קישור,Aval,But,connector_aval.wav,3,מילות_קישור,
181,או,אוֹ,מילות קישור,O,Or,connector_o.wav,3,מילות_קישור,
182,אם,אִם,מילות קישור,Im,If,connector_im.wav,3,מילות_קישור,
183,כי,כִּי,מילות קישור,Ki,Because,connector_ki.wav,3,מילות_קישור,
184,אז,אָז,מילות קישור,Az,So/Then,connector_az.wav,3,מילות_קישור,
185,גם,גַּם,מילות קישור,Gam,Also/Too,connector_gam.wav,3,מילות_קישור,
186,שלש,שָׁלֹשׁ,מספרים,Shalosh,Three,number_3.wav,1,מספרים,
187,ארבע,אַרְבַּע,מספרים,Arba,Four,number_4.wav,1,מספרים,
188,חמש,חָמֵשׁ,מספרים,Chamesh,Five,number_5.wav,1,מספרים,
189,אופנים,אוֹפַנַּיִם,תחבורה,Ofanayim,Bicycle,transport_ofanayim.wav,3,תחבורה,
190,סירה,סִירָה,תחבורה,Sira,Boat,transport_sira.wav,3,תחבורה,
191,רעיון,רַעְיוֹן,מושגים מופשטים,Ra'ayon,Idea,abstract_raayon.wav,3,מושגים_מופשטים,
192,בעיה,בְּעָיָה,מושגים מופשטים,Be'aya,Problem,abstract_beaya.wav,3,מושגים_מופשטים,
193,שאלה,שְׁאֵלָה,מושגים מופשטים,She'ela,Question,abstract_sheela.wav,3,מושגים_מופשטים,
194,תשובה,תְּשׁוּבָה,מושגים מופשטים,Tshuva,Answer,abstract_tshuva.wav,3,מושגים_מופשטים,
195,אהבה,אַהֲבָה,מושגים מופשטים,Ahava,Love,abstract_ahava.wav,3,מושגים_מופשטים,
196,שלום,שָׁלוֹם,מושגים מופשטים,Shalom,Peace,abstract_shalom.wav,3,מושגים_מופשטים,
197,אמת,אֱמֶת,מושגים מופשטים,Emet,Truth,abstract_emet.wav,3,מושגים_מופשטים,
198,שקר,שֶׁקֶר,מושגים מופשטים,Sheker,Lie,abstract_sheker.wav,3,מושגים_מופשטים,
199,חיים,חַיִּים,מושגים מופשטים,Chayim,Life,abstract_chayim.wav,3,מושגים_מופשטים,
200,עולם,עוֹלָם,מושגים מופשטים,Olam,World,abstract_olam.wav,3,מושגים_מופשטים,
201,קל,קַל,שמות תואר נוספים,Kal,Easy,adj_kal.wav,3,שמות_תואר_נוספים,
202,קשה,קָשֶׁה,שמות תואר נוספים,Kasheh,Hard/Difficult,adj_kasheh.wav,3,שמות_תואר_נוספים,
203,מלא,מָלֵא,שמות תואר נוספים,Male,Full,adj_male.wav,3,שמות_תואר_נוספים,
204,ריק,רֵיק,שמות תואר נוספים,Rek,Empty,adj_rek.wav,3,שמות_תואר_נוספים,
205,נקי,נָקִי,שמות תואר נוספים,Naki,Clean,adj_naki.wav,3,שמות_תואר_נוספים,
206,מלכלך,מְלֻכְלָךְ,שמות תואר נוספים,Meluchlach,Dirty,adj_meluchlach.wav,3,שמות_תואר_נוספים,
207,ארך,אָרֹךְ,שמות תואר נוספים,Aroch,Long,adj_aroch.wav,3,שמות_תואר_נוספים,
208,קצר,קָצָר,שמות תואר נוספים,Katzar,Short,adj_katzar.wav,3,שמות_תואר_נוספים,
209,חזק,חָזָק,שמות תואר נוספים,Chazak,Strong,adj_chazak.wav,3,שמות_תואר_נוספים,
210,חלש,חַלָּשׁ,שמות תואר נוספים,Chalash,Weak,adj_chalash.wav,3,שמות_תואר_נוספים,
211,מהיר,מָהִיר,שמות תואר נוספים,Mahir,Fast,adj_mahir.wav,3,שמות_תואר_נוספים,
212,אטי,אִטִּי,שמות תואר נוספים,Iti,Slow,adj_iti.wav,3,שמות_תואר_נוספים,
213,יקר,יָקָר,שמות תואר נוספים,Yakar,Expensive,adj_yakar.wav,3,שמות_תואר_נוספים,
214,זול,זוֹל,שמות תואר נוספים,Zol,Cheap,adj_zol.wav,3,שמות_תואר_נוספים,
215,פתוח,פָּתוּחַ,שמות תואר נוספים,Patu'ach,Open,adj_patuach.wav,3,שמות_תואר_נוספים,
216,סגור,סָגוּר,שמות תואר נוספים,Sagur,Closed,adj_sagur.wav,3,שמות_תואר_נוספים,
217,כל,כֹּל,כמויות,Kol,All/Every,quantity_kol.wav,3,כמויות,
218,הרבה,הַרְבֵּה,כמויות,Harbe,A lot/Many,quantity_harbe.wav,3,כמויות,
219,קצת,קְצָת,כמויות,Ktzat,A little/A few,quantity_ktzat.wav,3,כמויות,
220,מעט,מְעַט,כמויות,Me'at,Few,quantity_meat.wav,3,כמויות,
221,מספיק,מַסְפִּיק,כמויות,Maspik,Enough,quantity_maspik.wav,3,כמויות,
222,יותר,יוֹתֵר,כמויות,Yoter,More,quantity_yoter.wav,3,כמויות,
223,פחות,פָּחוֹת,כמויות,Pachot,Less,quantity_pachot.wav,3,כמויות,
224,כלום,כְּלוּם,כמויות,Klum,Nothing,quantity_klum.wav,3,כמויות,
225,משהו,מַשֶּׁהוּ,כמויות,Mashehu,Something,quantity_mashehu.wav,3,כמויות,
226,להרגיש,לְהַרְגִּישׁ,פעלים - חושים ותפיסה,Lehargish,To feel,verb_lehargish.wav,3,פעלים_-_חושים_ותפיסה,
227,להסתכל,לְהִסְתַּכֵּל,פעלים - חושים ותפיסה,Lehistakel,To look,verb_lehistakel.wav,3,פעלים_-_חושים_ותפיסה,
228,להקשיב,לְהַקְשִׁיב,פעלים - חושים ותפיסה,Lehakshiv,To listen,verb_lehakshiv.wav,3,פעלים_-_חושים_ותפיסה,
229,לזכר,לִזְכֹּר,פעלים - חושים ותפיסה,Lizkor,To remember,verb_lizkor.wav,3,פעלים_-_חושים_ותפיסה,
230,לשכח,לִשְׁכֹּחַ,פעלים - חושים ותפיסה,Lishko'ach,To forget,verb_lishkoach.wav,3,פעלים_-_חושים_ותפיסה,
231,לדעת,לָדַעַת,פעלים - חושים ותפיסה,Lada'at,To know,verb_ladaat.wav,3,פעלים_-_חושים_ותפיסה,
232,להאמין,לְהַאֲמִין,פעלים - חושים ותפיסה,Leha'amin,To believe,verb_lehaamin.wav,3,פעלים_-_חושים_ותפיסה,
233,לקוות,לְקַוּוֹת,פעלים - חושים ותפיסה,Lekavot,To hope,verb_lekavot.wav,3,פעלים_-_חושים_ותפיסה,
234,לחלום,לַחֲלוֹם,פעלים - חושים ותפיסה,Lachalom,To dream,verb_lachalom.wav,3,פעלים_-_חושים_ותפיסה,
235,תלמיד,תַּלְמִיד,לימודים ובית ספר,Talmid,Student (m),school_talmid.wav,3,לימודים_ובית_ספר,
236,תלמידה,תַּלְמִידָה,לימודים ובית ספר,Talmida,Student (f),school_talmida.wav,3,לימודים_ובית_ספר,
237,שעור,שִׁעוּר,לימודים ובית ספר,Shi'ur,Lesson,school_shiur.wav,3,לימודים_ובית_ספר,
238,מבחן,מִבְחָן,לימודים ובית ספר,Mivchan,Test/Exam,school_mivchan.wav,3,לימודים_ובית_ספר,
239,מחברת,מַחְבֶּרֶת,לימודים ובית ספר,Machberet,Notebook,school_machberet.wav,3,לימודים_ובית_ספר,
240,לוח,לוּחַ,לימודים ובית ספר,Lu'ach,Board,school_luach.wav,3,לימודים_ובית_ספר,
241,הפסקה,הַפְסָקָה,לימודים ובית ספר,Hafsaka,Break/Recess,school_hafsaka.wav,3,לימודים_ובית_ספר,
242,כסף,כֶּסֶף,כסף ומסחר,Kesef,Money,commerce_kesef.wav,3,כסף_ומסחר,
243,מחיר,מְחִיר,כסף ומסחר,Mechir,Price,commerce_mechir.wav,3,כסף_ומסחר,
244,לקנות,לִקְנוֹת,כסף ומסחר,Liknot,To buy,commerce_liknot.wav,3,כסף_ומסחר,
245,למכר,לִמְכֹּר,כסף ומסחר,Limkor,To sell,commerce_limkor.wav,3,כסף_ומסחר,
246,חשבון,חֶשְׁבּוֹן,כסף ומסחר,Cheshbon,Bill/Account,commerce_cheshbon.wav,3,כסף_ומסחר,
247,עדף,עֹדֶף,כסף ומסחר,Odef,Change (money),commerce_odef.wav,3,כסף_ומסחר,
248,ארנק,אַרְנָק,כסף ומסחר,Arnak,Wallet,commerce_arnak.wav,3,כסף_ומסחר,
249,ימין,יָמִין,כיוונים ומיקומים,Yamin,Right,direction_yamin.wav,3,כיוונים_ומיקומים,
250,שמאל,שְׂמֹאל,כיוונים ומיקומים,Smol,Left,direction_smol.wav,3,כיוונים_ומיקומים,
251,למעלה,לְמַעְלָה,כיוונים ומיקומים,Lemala,Up/Upstairs,direction_lemala.wav,3,כיוונים_ומיקומים,
252,למטה,לְמַטָּה,כיוונים ומיקומים,Lemata,Down/Downstairs,direction_lemata.wav,3,כיוונים_ומיקומים,
253,בפנים,בִּפְנִים,כיוונים ומיקומים,Bifnim,Inside,direction_bifnim.wav,3,כיוונים_ומיקומים,
254,בחוץ,בַּחוּץ,כיוונים ומיקומים,Bachutz,Outside,direction_bachutz.wav,3,כיוונים_ומיקומים,
255,קדימה,קָדִימָה,כיוונים ומיקומים,Kadima,Forward,direction_kadima.wav,3,כיוונים_ומיקומים,
256,אחורה,אָחוֹרָה,כיוונים ומיקומים,Achora,Backward,direction_achora.wav,3,כיוונים_ומיקומים,
257,ישר,יָשָׁר,כיוונים ומיקומים,Yashar,Straight,direction_yashar.wav,3,כיוונים_ומיקומים,
258,מרכז,מֶרְכָּז,כיוונים ומיקומים,Merkaz,Center,direction_merkaz.wav,3,כיוונים_ומיקומים,
259,להתחיל,לְהַתְחִיל,פעלים נוספים,Lehatchil,To start/begin,verb_lehatchil.wav,3,פעלים_נוספים,
260,לגמר,לִגְמֹר,פעלים נוספים,Ligmor,To finish,verb_ligmor.wav,3,פעלים_נוספים,
261,לקבל,לְקַבֵּל,פעלים נוספים,Lekabel,To receive/get,verb_lekabel.wav,3,פעלים_נוספים,
262,לשלח,לִשְׁלֹחַ,פעלים נוספים,Lishlo'ach,To send,verb_lishloach.wav,3,פעלים_נוספים,
263,לחכות,לְחַכּוֹת,פעלים נוספים,Lechakot,To wait,verb_lechakot.wav,3,פעלים_נוספים,
264,לחפש,לְחַפֵּשׂ,פעלים נוספים,Lechapes,To search/look for,verb_lechapes.wav,3,פעלים_נוספים,
265,למצא,לִמְצֹא,פעלים נוספים,Limtzo,To find,verb_limtzo.wav,3,פעלים_נוספים,
266,להצליח,לְהַצְלִיחַ,פעלים נוספים,Lehatzli'ach,To succeed,verb_lehatzliach.wav,3,פעלים_נוספים,
267,להכשל,לְהִכָּשֵׁל,פעלים נוספים,Lehikashel,To fail,verb_lehikashel.wav,3,פעלים_נוספים,
268,לבדק,לִבְדֹּק,פעלים נוספים,Livdok,To check,verb_livdok.wav,3,פעלים_נוספים,
269,לגעת,לָגַעַת,פעלים נוספים,Laga'at,To touch,verb_lagaat.wav,3,פעלים_נוספים,
270,התחלה,הַתְחָלָה,מושגים מופשטים,Hatchala,Beginning,abstract_hatchala.wav,3,מושגים_מופשטים,
271,סוף,סוֹף,מושגים מופשטים,Sof,End,abstract_sof.wav,3,מושגים_מופשטים,
272,סבה,סִבָּה,מושגים מופשטים,Siba,Reason/Cause,abstract_siba.wav,3,מושגים_מופשטים,
273,דרך,דֶּרֶךְ,מושגים מופשטים,Derech,Way/Road,abstract_derech.wav,3,מושגים_מופשטים,
274,חלק,חֵלֶק,מושגים מופשטים,Chelek,Part,abstract_chelek.wav,3,מושגים_מופשטים,
275,הבדל,הֶבְדֵּל,מושגים מופשטים,Hevdel,Difference,abstract_hevdel.wav,3,מושגים_מופשטים,
276,דוגמה,דּוּגְמָה,מושגים מופשטים,Dugma,Example,abstract_dugma.wav,3,מושגים_מופשטים,
277,קול,קוֹל,מושגים מופשטים,Kol,Voice/Sound,abstract_kol.wav,3,מושגים_מופשטים,
278,צבע,צֶבַע,מושגים מופשטים,Tzeva,Color,abstract_tzeva.wav,3,מושגים_מופשטים,
279,צורה,צוּרָה,מושגים מופשטים,Tzura,Shape/Form,abstract_tzura.wav,3,מושגים_מופשטים,
280,סכר,סֻכָּר,מזון ומשקאות,Sukar,Sugar,food_sukar.wav,2,מזון_ומשקאות,
281,מלח,מֶלַח,מזון ומשקאות,Melach,Salt,food_melach.wav,2,מזון_ומשקאות,
282,שמן,שֶׁמֶן,מזון ומשקאות,Shemen,Oil,food_shemen.wav,2,מזון_ומשקאות,
283,עוגה,עוּגָה,מזון ומשקאות,Uga,Cake,food_uga.wav,2,מזון_ומשקאות,
284,תה,תֶּה,מזון ומשקאות,Teh,Tea,food_teh.wav,2,מזון_ומשקאות,
285,קפה,קָפֶה,מזון ומשקאות,Kafeh,Coffee,food_kafeh.wav,2,מזון_ומשקאות,
286,לפגש,לִפְגֹּשׁ,פעלים נוספים,Lifgosh,To meet,verb_lifgosh.wav,3,פעלים_נוספים,
287,להזמין,לְהַזְמִין,פעלים נוספים,Lehazmin,To invite/To order,verb_lehazmin.wav,3,פעלים_נוספים,
288,לבנות,לִבְנוֹת,פעלים נוספים,Livnot,To build,verb_livnot.wav,3,פעלים_נוספים,
289,לשבר,לִשְׁבֹּר,פעלים נוספים,Lishbor,To break,verb_lishbor.wav,3,פעלים_נוספים,
290,לבחר,לִבְחֹר,פעלים נוספים,Livchor,To choose,verb_livchor.wav,3,פעלים_נוספים,
291,לשלם,לְשַׁלֵּם,פעלים נוספים,Leshalem,To pay,verb_leshalem.wav,3,פעלים_נוספים,
292,לנסע,לִנְסֹעַ,פעלים נוספים,Linso'a,To travel/drive,verb_linsoa.wav,3,פעלים_נוספים,
293,לטוס,לָטוּס,פעלים נוספים,Latus,To fly,verb_latus.wav,3,פעלים_נוספים,
294,חשוב,חָשׁוּב,שמות תואר נוספים,Chashuv,Important,adj_chashuv.wav,3,שמות_תואר_נוספים,
295,מענין,מְעַנְיֵן,שמות תואר נוספים,Me'anyen,Interesting,adj_meanyen.wav,3,שמות_תואר_נוספים,
296,משעמם,מְשַׁעֲמֵם,שמות תואר נוספים,Mesha'amem,Boring,adj_meshaamem.wav,3,שמות_תואר_נוספים,
297,אחר,אַחֵר,שמות תואר נוספים,Acher,Different/Other,adj_acher.wav,3,שמות_תואר_נוספים,
298,דומה,דּוֹמֶה,שמות תואר נוספים,Domeh,Similar,adj_domeh.wav,3,שמות_תואר_נוספים,
299,נכון,נָכוֹן,שמות תואר נוספים,Nachon,Correct/Right,adj_nachon.wav,3,שמות_תואר_נוספים,
300,שגוי,שָׁגוּי,שמות תואר נוספים,Shagui,Wrong/Incorrect,adj_shagui.wav,3,שמות_תואר_נוספים,
301,בטוח,בָּטוּחַ,שמות תואר נוספים,Batu'ach,Sure/Safe,adj_batuach.wav,3,שמות_תואר_נוספים,
302,אבן,אֶבֶן,טבע וסביבה,Even,Stone,nature_even.wav,3,טבע_וסביבה,
303,חול,חוֹל,טבע וסביבה,Chol,Sand,nature_chol.wav,3,טבע_וסביבה,
304,נהר,נָהָר,טבע וסביבה,Nahar,River,nature_nahar.wav,3,טבע_וסביבה,
305,אגם,אֲגַם,טבע וסביבה,Agam,Lake,nature_agam.wav,3,טבע_וסביבה,
306,כוכב,כּוֹכָב,טבע וסביבה,Kochav,Star,nature_kochav.wav,3,טבע_וסביבה,
307,חכם,חָכָם,שמות תואר - אישיות,Chacham,Smart/Wise,adj_chacham.wav,3,שמות_תואר_-_אישיות,
308,טפש,טִפֵּשׁ,שמות תואר - אישיות,Tipesh,Stupid/Foolish,adj_tipesh.wav,3,שמות_תואר_-_אישיות,
309,נחמד,נֶחְמָד,שמות תואר - אישיות,Nechmad,Nice,adj_nechmad.wav,3,שמות_תואר_-_אישיות,
310,אדיב,אַדִּיב,שמות תואר - אישיות,Adiv,Kind/Polite,adj_adiv.wav,3,שמות_תואר_-_אישיות,
311,עצלן,עַצְלָן,שמות תואר - אישיות,Atzlan,Lazy,adj_atzlan.wav,3,שמות_תואר_-_אישיות,
312,חרוץ,חָרוּץ,שמות תואר - אישיות,Charutz,Diligent/Hard-working,adj_charutz.wav,3,שמות_תואר_-_אישיות,
313,בישן,בַּיְשָׁן,שמות תואר - אישיות,Bayshan,Shy,adj_bayshan.wav,3,שמות_תואר_-_אישיות,
314,מצחיק,מצחיק,שמות תואר - אישיות,Matzchik,Funny,adj_matzchik.wav,3,שמות_תואר_-_אישיות,
315,לשנא,לִשְׂנֹא,פעלים - רגשות ומחשבה,Lisno,To hate,verb_lisno.wav,3,פעלים_-_רגשות_ומחשבה,
316,לסלח,לִסְלֹחַ,פעלים - רגשות ומחשבה,Lislo'ach,To forgive,verb_lisloach.wav,3,פעלים_-_רגשות_ומחשבה,
317,להבטיח,לְהַבְטִיחַ,פעלים - רגשות ומחשבה,Lehavti'ach,To promise,verb_lehavtiach.wav,3,פעלים_-_רגשות_ומחשבה,
318,להתגעגע,לְהִתְגַּעְגֵּעַ,פעלים - רגשות ומחשבה,Lehitga'age'a,To miss (someone),verb_lehitgaagea.wav,3,פעלים_-_רגשות_ומחשבה,
319,להעדיף,לְהַעֲדִיף,פעלים - רגשות ומחשבה,Leha'adif,To prefer,verb_lehaadif.wav,3,פעלים_-_רגשות_ומחשבה,
320,לדאוג,לדאוג,פעלים - רגשות ומחשבה,Lid'og,To worry,verb_lidog.wav,3,פעלים_-_רגשות_ומחשבה,
321,חג,חַג,חגים ואירועים,Chag,Holiday,event_chag.wav,3,חגים_ואירועים,
322,מסבה,מְסִבָּה,חגים ואירועים,Mesiba,Party,event_mesiba.wav,3,חגים_ואירועים,
323,יום הלדת,יוֹם הֻלֶּדֶת,חגים ואירועים,Yom Huledet,Birthday,event_yom_huledet.wav,3,חגים_ואירועים,
324,חתנה,חֲתֻנָּה,חגים ואירועים,Chatuna,Wedding,event_chatuna.wav,3,חגים_ואירועים,
325,מתנה,מַתָּנָה,חגים ואירועים,Matana,Gift/Present,event_matana.wav,3,חגים_ואירועים,
326,מידע,מֵידָע,מושגים כלליים,Meida,Information,concept_meida.wav,3,מושגים_כלליים,
327,סוד,סוֹד,מושגים כלליים,Sod,Secret,concept_sod.wav,3,מושגים_כלליים,
328,כח,כֹּחַ,מושגים כלליים,Ko'ach,Power/Strength,concept_koach.wav,3,מושגים_כלליים,
329,חדשות,חֲדָשׁוֹת,מושגים כלליים,Chadashot,News,concept_chadashot.wav,3,מושגים_כלליים,
330,ספור,סִפּוּר,מושגים כלליים,Sipur,Story,concept_sipur.wav,3,מושגים_כלליים,
331,זכרון,זִכָּרוֹן,מושגים כלליים,Zikaron,Memory,concept_zikaron.wav,3,מושגים_כלליים,
332,עתיד,עָתִיד,מושגים כלליים,Atid,Future,concept_atid.wav,3,מושגים_כלליים,
333,עבר,עָבָר,מושגים כלליים,Avar,Past,concept_avar.wav,3,מושגים_כלליים,
334,הוה,הֹוֶה,מושגים כלליים,Hoveh,Present (time),concept_hoveh.wav,3,מושגים_כלליים,
335,טלפון,טֶלֶפוֹן,טכנולוגיה ומדיה,Telefon,Telephone,tech_telefon.wav,3,טכנולוגיה_ומדיה,
336,אינטרנט,אִינְטֶרְנֶט,טכנולוגיה ומדיה,Internet,Internet,tech_internet.wav,3,טכנולוגיה_ומדיה,
337,סרט,סֶרֶט,טכנולוגיה ומדיה,Seret,Movie,tech_seret.wav,3,טכנולוגיה_ומדיה,
338,מוזיקה,מוּזִיקָה,טכנולוגיה ומדיה,Muzika,Music,tech_muzika.wav,3,טכנולוגיה_ומדיה,
339,הודעה,הוֹדָעָה,טכנולוגיה ומדיה,Hoda'a,Message,tech_hodaa.wav,3,טכנולוגיה_ומדיה,
340,תמונה,תְּמוּנָה,טכנולוגיה ומדיה,Tmuna,Picture,tech_tmuna.wav,3,טכנולוגיה_ומדיה,
341,תרופה,תְּרוּפָה,בריאות,Trufa,Medicine,health_trufa.wav,3,בריאות,
342,כאב,כְּאֵב,בריאות,Ke'ev,Pain,health_keev.wav,3,בריאות,
343,בריאות,בְּרִיאוּת,בריאות,Bri'ut,Health,health_briut.wav,3,בריאות,
344,פצע,פֶּצַע,בריאות,Petza,Wound/Injury,health_petza.wav,3,בריאות,
345,לנסות,לְנַסּוֹת,פעלים - שינוי ומצב,Lenasot,To try,verb_lenasot.wav,3,פעלים_-_שינוי_ומצב,
346,לשנות,לְשַׁנּוֹת,פעלים - שינוי ומצב,Leshanot,To change,verb_leshanot.wav,3,פעלים_-_שינוי_ומצב,
347,להמשיך,לְהַמְשִׁיךְ,פעלים - שינוי ומצב,Lehamshich,To continue,verb_lehamshich.wav,3,פעלים_-_שינוי_ומצב,
348,לעצר,לַעֲצֹר,פעלים - שינוי ומצב,La'atzor,To stop,verb_laatzor.wav,3,פעלים_-_שינוי_ומצב,
349,לפתח,לִפְתֹּחַ,פעלים - שינוי ומצב,Lifto'ach,To open,verb_liftoach.wav,3,פעלים_-_שינוי_ומצב,
350,לסגר,לִסְגֹּר,פעלים - שינוי ומצב,Lisgor,To close,verb_lisgor.wav,3,פעלים_-_שינוי_ומצב,
351,מוכן,מוּכָן,שמות תואר - מצב,Muchan,Ready,adj_muchan.wav,3,שמות_תואר_-_מצב,
352,עסוק,עָסוּק,שמות תואר - מצב,Asuk,Busy,adj_asuk.wav,3,שמות_תואר_-_מצב,
353,פנוי,פָּנוּי,שמות תואר - מצב,Panui,Free/Available,adj_panui.wav,3,שמות_תואר_-_מצב,
354,אפשרי,אֶפְשָׁרִי,שמות תואר - מצב,Efshari,Possible,adj_efshari.wav,3,שמות_תואר_-_מצב,
355,בלתי אפשרי,בִּלְתִּי אֶפְשָׁרִי,שמות תואר - מצב,Bilti Efshari,Impossible,adj_bilti_efshari.wav,3,שמות_תואר_-_מצב,
356,ש...,שֶׁ...,מילות קישור,She...,That/Who/Which,connector_she.wav,3,מילות_קישור,
357,כמו,כְּמוֹ,מילות קישור,Kmo,Like/As,connector_kmo.wav,3,מילות_קישור,
358,כאשר,כַּאֲשֶׁר,מילות קישור,Ka'asher,When/As,connector_kaasher.wav,3,מילות_קישור,
359,כש...,כְּשֶׁ...,מילות קישור,Kshe...,When (colloquial),connector_kshe.wav,3,מילות_קישור,
360,לכן,לָכֵן,מילות קישור,Lachen,Therefore/So,connector_lachen.wav,3,מילות_קישור,
361,כדי,כְּדֵי,מילות קישור,Kedei,In order to,connector_kedei.wav,3,מילות_קישור,
362,אולי,אוּלַי,מילות קישור,Ulay,Maybe/Perhaps,connector_ulay.wav,3,מילות_קישור,
363,למרות,לַמְרוֹת,מילות קישור,Lamrot,Although/Despite,connector_lamrot.wav,3,מילות_קישור,
364,ככה,כָּכָה,מילות קישור,Kacha,Like this/Thus,connector_kacha.wav,3,מילות_קישור,
365,אלא,אֶלָּא,מילות קישור,Ela,But/Rather,connector_ela.wav,3,מילות_קישור,
366,כלומר,כְּלוֹמַר,מילות קישור,Klomar,Meaning/In other words,connector_klomar.wav,3,מילות_קישור,
367,שחקן,שַׂחְקָן,מקצועות,Sachkan,Actor (m),job_sachkan.wav,3,מקצועות,
368,שחקנית,שַׂחְקָנִית,מקצועות,Sachkanit,Actress (f),job_sachkanit.wav,3,מקצועות,
369,זמר,זַמָּר,מקצועות,Zamar,Singer (m),job_zamar.wav,3,מקצועות,
370,זמרת,זַמֶּרֶת,מקצועות,Zameret,Singer (f),job_zameret.wav,3,מקצועות,
371,מנהל,מְנַהֵל,מקצועות,Menahel,Manager (m),job_menahel.wav,3,מקצועות,
372,מנהלת,מְנַהֶלֶת,מקצועות,Menahelet,Manager (f),job_menahelet.wav,3,מקצועות,
373,עובד,עוֹבֵד,מקצועות,Oved,Worker (m),job_oved.wav,3,מקצועות,
374,עובדת,עוֹבֶדֶת,מקצועות,Ovedet,Worker (f),job_ovedet.wav,3,מקצועות,
375,טובה,טוֹבָה,שמות תואר,Tova,Good (f),adj_tova.wav,2,שמות_תואר,
376,רעה,רָעָה,שמות תואר,Ra'a,Bad (f),adj_ra.wav,2,שמות_תואר,
377,גדולה,גְּדוֹלָה,שמות תואר,Gdola,Big (f),adj_gdola.wav,2,שמות_תואר,
378,קטנה,קְטַנָּה,שמות תואר,Ktana,Small (f),adj_ktana.wav,2,שמות_תואר,
379,חדשה,חֲדָשָׁה,שמות תואר,Chadasha,New (f),adj_chadasha.wav,2,שמות_תואר,
380,ישנה,יְשָׁנָה,שמות תואר,Yeshana,Old (f),adj_yeshana.wav,2,שמות_תואר,
381,חמה,חַמָּה,שמות תואר,Chama,Hot (f),adj_chama.wav,2,שמות_תואר,
382,קרה,קָרָה,שמות תואר,Kara,Cold (f),adj_kara.wav,2,שמות_תואר,
383,יפה,יָפֶה,שמות תואר,Yafeh,Beautiful (m),adj_yafeh.wav,2,שמות_תואר,
384,יפה,יָפָה,שמות תואר,Yafa,Beautiful (f),adj_yafa.wav,2,שמות_תואר,
385,שמחה,שְׂמֵחָה,תחושות ורגשות,Smecha,Happy (f),feeling_smecha.wav,3,תחושות_ורגשות,
386,עצובה,עֲצוּבָה,תחושות ורגשות,Atzuva,Sad (f),feeling_atzuva.wav,3,תחושות_ורגשות,
387,עיפה,עֲיֵפָה,תחושות ורגשות,Ayefa,Tired (f),feeling_ayefa.wav,3,תחושות_ורגשות,
388,רעבה,רְעֵבָה,תחושות ורגשות,Re'eva,Hungry (f),feeling_reeva.wav,3,תחושות_ורגשות,
389,צמאה,צְמֵאָה,תחושות ורגשות,Tzme'a,Thirsty (f),feeling_tzmea.wav,3,תחושות_ורגשות,
390,אומר,אוֹמֵר,פעלים - הווה,Omer,"Says (m, present)",verb_omer.wav,3,פעלים_-_הווה,
391,אומרת,אוֹמֶרֶת,פעלים - הווה,Omeret,"Says (f, present)",verb_omeret.wav,3,פעלים_-_הווה,
392,הולך,הוֹלֵךְ,פעלים - הווה,Holech,"Goes (m, present)",verb_holech.wav,3,פעלים_-_הווה,
393,הולכת,הוֹלֶכֶת,פעלים - הווה,Holechet,"Goes (f, present)",verb_holechet.wav,3,פעלים_-_הווה,
394,בא,בָּא,פעלים - הווה,Ba,"Comes (m, present)",verb_ba.wav,3,פעלים_-_הווה,
395,באה,בָּאָה,פעלים - הווה,Ba'a,"Comes (f, present)",verb_baa.wav,3,פעלים_-_הווה,
396,רואה,רוֹאֶה,פעלים - הווה,Ro'eh,"Sees (m, present)",verb_roeh.wav,3,פעלים_-_הווה,
397,רואה,רוֹאָה,פעלים - הווה,Ro'a,"Sees (f, present)",verb_roa.wav,3,פעלים_-_הווה,
398,שומע,שׁוֹמֵעַ,פעלים - הווה,Shome'a,"Hears (m, present)",verb_shomea.wav,3,פעלים_-_הווה,
399,שומעת,שׁוֹמַעַת,פעלים - הווה,Shoma'at,"Hears (f, present)",verb_shomaat.wav,3,פעלים_-_הווה,
400,יודע,יוֹדֵעַ,פעלים - הווה,Yode'a,"Knows (m, present)",verb_yodea.wav,3,פעלים_-_הווה,
401,יודעת,יוֹדַעַת,פעלים - הווה,Yoda'at,"Knows (f, present)",verb_yodaat.wav,3,פעלים_-_הווה,
402,רוצה,רוֹצֶה,פעלים - הווה,Rotzeh,"Wants (m, present)",verb_rotzeh.wav,3,פעלים_-_הווה,
403,רוצה,רוֹצָה,פעלים - הווה,Rotza,"Wants (f, present)",verb_rotza.wav,3,פעלים_-_הווה,
404,יכול,יָכוֹל,פעלים - הווה,Yachol,Can/Able (m),verb_yachol.wav,3,פעלים_-_הווה,
405,יכולה,יְכוֹלָה,פעלים - הווה,Yechola,Can/Able (f),verb_yechola.wav,3,פעלים_-_הווה,
406,מתוק,מָתוֹק,שמות תואר,Matok,Sweet (m),adj_matok.wav,2,שמות_תואר,
407,מתוקה,מְתוּקָה,שמות תואר,Metuka,Sweet (f),"adj_metuka.wav""",2,שמות_תואר,
408,מלוח,מָלוּחַ,שמות תואר,Malu'ach,Salty (m),"adj_maluach.wav""",2,שמות_תואר,
409,מלוחה,מְלוּחָה,שמות תואר,Melucha,Salty (f),"adj_melucha.wav""",2,שמות_תואר,
410,חמוץ,חָמוּץ,שמות תואר,Chamutz,Sour (m),"adj_chamutz.wav""",2,שמות_תואר,
411,חמוצה,חֲמוּצָה,שמות תואר,Chamutza,Sour (f),"adj_chamutza.wav""",2,שמות_תואר,
412,מר,מַר,שמות תואר,Mar,Bitter (m),"adj_mar.wav""",2,שמות_תואר,
413,מרה,מָרָה,שמות תואר,Mara,Bitter (f),"adj_mara.wav""",2,שמות_תואר,
414,נמוך,נָמוּךְ,שמות תואר,Namuch,"Short (height, m)","adj_namuch.wav""",2,שמות_תואר,
415,נמוכה,נְמוּכָה,שמות תואר,Nemucha,"Short (height, f)","adj_nemucha.wav""",2,שמות_תואר,
416,גבוה,גָּבוֹהַ,שמות תואר,Gavo'ha,Tall (m),"adj_gavoha.wav""",2,שמות_תואר,
417,גבוהה,גְּבוֹהָה,שמות תואר,Gvoha,Tall (f),"adj_gvoha.wav""",2,שמות_תואר,
418,אומר,אוֹמֵר,פעלים - הווה,Omer,"Says (m, present)",verb_omer.wav,3,פעלים_-_הווה,
419,אומרת,אוֹמֶרֶת,פעלים - הווה,Omeret,"Says (f, present)",verb_omeret.wav,3,פעלים_-_הווה,
420,הולך,הוֹלֵךְ,פעלים - הווה,Holech,"Goes (m, present)",verb_holech.wav,3,פעלים_-_הווה,
421,הולכת,הוֹלֶכֶת,פעלים - הווה,Holechet,"Goes (f, present)",verb_holechet.wav,3,פעלים_-_הווה,
422,בא,בָּא,פעלים - הווה,Ba,"Comes (m, present)",verb_ba.wav,3,פעלים_-_הווה,
423,באה,בָּאָה,פעלים - הווה,Ba'a,"Comes (f, present)",verb_baa.wav,3,פעלים_-_הווה,
424,רואה,רוֹאֶה,פעלים - הווה,Ro'eh,"Sees (m, present)",verb_roeh.wav,3,פעלים_-_הווה,
425,רואה,רוֹאָה,פעלים - הווה,Ro'a,"Sees (f, present)",verb_roa.wav,3,פעלים_-_הווה,
426,שומע,שׁוֹמֵעַ,פעלים - הווה,Shome'a,"Hears (m, present)",verb_shomea.wav,3,פעלים_-_הווה,
427,שומעת,שׁוֹמַעַת,פעלים - הווה,Shoma'at,"Hears (f, present)",verb_shomaat.wav,3,פעלים_-_הווה,
428,יודע,יוֹדֵעַ,פעלים - הווה,Yode'a,"Knows (m, present)",verb_yodea.wav,3,פעלים_-_הווה,
429,יודעת,יוֹדַעַת,פעלים - הווה,Yoda'at,"Knows (f, present)",verb_yodaat.wav,3,פעלים_-_הווה,
430,רוצה,רוֹצֶה,פעלים - הווה,Rotzeh,"Wants (m, present)",verb_rotzeh.wav,3,פעלים_-_הווה,
431,רוצה,רוֹצָה,פעלים - הווה,Rotza,"Wants (f, present)",verb_rotza.wav,3,פעלים_-_הווה,
432,יכול,יָכוֹל,פעלים - הווה,Yachol,Can/Able (m),verb_yachol.wav,3,פעלים_-_הווה,
433,יכולה,יְכוֹלָה,פעלים - הווה,Yechola,Can/Able (f),verb_yechola.wav,3,פעלים_-_הווה,
434,מתוק,מָתוֹק,שמות תואר,Matok,Sweet (m),adj_matok.wav,2,שמות_תואר,
435,מתוקה,מְתוּקָה,שמות תואר,Metuka,Sweet (f),"adj_metuka.wav""",2,שמות_תואר,
436,מלוח,מָלוּחַ,שמות תואר,Malu'ach,Salty (m),"adj_maluach.wav""",2,שמות_תואר,
437,נמוכה,נְמוּכָה,שמות תואר,Nemucha,"Short (height, f)","adj_nemucha.wav""",2,שמות_תואר,
438,גבוה,גָּבוֹהַ,שמות תואר,Gavo'ha,Tall (m),"adj_gavoha.wav""",2,שמות_תואר,
439,גבוהה,גְּבוֹהָה,שמות תואר,Gvoha,Tall (f),"adj_gvoha.wav""",2,שמות_תואר,
440,כותב,כּוֹתֵב,פעלים - הווה,Kotev,"Writes (m, present)",verb_kotev.wav,3,פעלים_-_הווה,
441,כותבת,כּוֹתֶבֶת,פעלים - הווה,Kotevet,"Writes (f, present)",verb_kotevet.wav,3,פעלים_-_הווה,
442,קורא,קוֹרֵא,פעלים - הווה,Kore,"Reads (m, present)",verb_kore.wav,3,פעלים_-_הווה,
443,קוראת,קוֹרֵאת,פעלים - הווה,Koret,"Reads (f, present)",verb_koret.wav,3,פעלים_-_הווה,
444,אוכל,אוֹכֵל,פעלים - הווה,Ochel,"Eats (m, present)",verb_ochel.wav,3,פעלים_-_הווה,
445,אוכלת,אוֹכֶלֶת,פעלים - הווה,Ochelet,"Eats (f, present)",verb_ochelet.wav,3,פעלים_-_הווה,
446,שותה,שׁוֹתֶה,פעלים - הווה,Shoteh,"Drinks (m, present)",verb_shoteh.wav,3,פעלים_-_הווה,
447,שותה,שׁוֹתָה,פעלים - הווה,Shota,"Drinks (f, present)",verb_shota.wav,3,פעלים_-_הווה,
448,עובד,עוֹבֵד,פעלים - הווה,Oved,"Works (m, present)",verb_oved.wav,3,פעלים_-_הווה,
449,עובדת,עוֹבֶדֶת,פעלים - הווה,Ovedet,"Works (f, present)",verb_ovedet.wav,3,פעלים_-_הווה,
450,לומד,לוֹמֵד,פעלים - הווה,Lomed,"Learns (m, present)",verb_lomed.wav,3,פעלים_-_הווה,
451,לומדת,לוֹמֶדֶת,פעלים - הווה,Lomedet,"Learns (f, present)",verb_lomedet.wav,3,פעלים_-_הווה,
452,משחק,מְשַׂחֵק,פעלים - הווה,Mesahek,"Plays (m, present)",verb_mesahek.wav,3,פעלים_-_הווה,
453,משחקת,מְשַׂחֶקֶת,פעלים - הווה,Mesaheket,"Plays (f, present)",verb_mesaheket.wav,3,פעלים_-_הווה,
454,רץ,רָץ,פעלים - הווה,Ratz,"Runs (m, present)",verb_ratz.wav,3,פעלים_-_הווה,
455,רצה,רָצָה,פעלים - הווה,Ratza,"Runs (f, present)",verb_ratza.wav,3,פעלים_-_הווה,
456,יושב,יוֹשֵׁב,פעלים - הווה,Yoshev,"Sits (m, present)",verb_yoshev.wav,3,פעלים_-_הווה,
457,יושבת,יוֹשֶׁבֶת,פעלים - הווה,Yoshevet,"Sits (f, present)",verb_yoshevet.wav,3,פעלים_-_הווה,
458,עומד,עוֹמֵד,פעלים - הווה,Omed,"Stands (m, present)",verb_omed.wav,3,פעלים_-_הווה,
459,עומדת,עוֹמֶדֶת,פעלים - הווה,Omedet,"Stands (f, present)",verb_omedet.wav,3,פעלים_-_הווה,
460,היה,הָיָה,פעלים - עבר,Haya,"Was (m, past)",verb_haya.wav,4,פעלים_-_עבר,
461,היתה,הָיְתָה,פעלים - עבר,Hayta,"Was (f, past)",verb_hayta.wav,4,פעלים_-_עבר,
462,אמר,אָמַר,פעלים - עבר,Amar,"Said (m, past)",verb_amar.wav,4,פעלים_-_עבר,
463,אמרה,אָמְרָה,פעלים - עבר,Amra,"Said (f, past)",verb_amra.wav,4,פעלים_-_עבר,
464,הלך,הָלַךְ,פעלים - עבר,Halach,"Went (m, past)",verb_halach.wav,4,פעלים_-_עבר,
465,הלכה,הָלְכָה,פעלים - עבר,Halcha,"Went (f, past)",verb_halcha.wav,4,פעלים_-_עבר,
466,ראה,רָאָה,פעלים - עבר,Ra'a,"Saw (m, past)",verb_raa.wav,4,פעלים_-_עבר,
467,ראתה,רָאֲתָה,פעלים - עבר,Ra'ata,"Saw (f, past)",verb_raata.wav,4,פעלים_-_עבר,
468,עשה,עָשָׂה,פעלים - עבר,Asa,"Did (m, past)",verb_asa.wav,4,פעלים_-_עבר,
469,עשתה,עָשְׂתָה,פעלים - עבר,Asta,"Did (f, past)",verb_asta.wav,4,פעלים_-_עבר,
470,נקיה,נְקִיָּה,שמות תואר,Nekiya,Clean (f),adj_nekiya.wav,2,שמות_תואר,
471,מלכלכת,מְלֻכְלֶכֶת,שמות תואר,Meluchlechet,Dirty (f),adj_meluchlechet.wav,2,שמות_תואר,
472,קלה,קַלָּה,שמות תואר,Kala,Easy/Light (f),adj_kala.wav,2,שמות_תואר,
473,קשה,קָשָׁה,שמות תואר,Kasha,Hard/Difficult (f),adj_kasha.wav,2,שמות_תואר,
474,מהירה,מְהִירָה,שמות תואר,Mehira,Fast (f),adj_mehira.wav,2,שמות_תואר,
475,אטית,אִטִּית,שמות תואר,Itit,Slow (f),adj_itit.wav,2,שמות_תואר,
476,עבודה,עֲבוֹדָה,שמות עצם,Avoda,Work/Job,noun_avoda.wav,3,שמות_עצם,
477,מכתב,מִכְתָּב,שמות עצם,Michtav,Letter,noun_michtav.wav,3,שמות_עצם,
478,שיר,שִׁיר,שמות עצם,Shir,Song,noun_shir.wav,3,שמות_עצם,
479,משחק,מִשְׂחָק,שמות עצם,Mischak,Game,noun_mischak.wav,3,שמות_עצם,
480,רעש,רַעַשׁ,שמות עצם,Ra'ash,Noise,noun_raash.wav,3,שמות_עצם,
481,אור,אוֹר,שמות עצם,Or,Light,noun_or.wav,3,שמות_עצם,
482,חשך,חֹשֶׁךְ,שמות עצם,Choshech,Darkness,noun_choshech.wav,3,שמות_עצם,
483,מקום,מָקוֹם,שמות עצם,Makom,Place,noun_makom.wav,3,שמות_עצם,
484,אכל,אָכַל,פעלים - עבר,Achal,"Ate (m, past)",verb_achal.wav,4,פעלים_-_עבר,
485,אכלה,אָכְלָה,פעלים - עבר,Achla,"Ate (f, past)",verb_achla.wav,4,פעלים_-_עבר,
486,שתה,שָׁתָה,פעלים - עבר,Shata,"Drank (m, past)",verb_shata.wav,4,פעלים_-_עבר,
487,שתתה,שָׁתְתָה,פעלים - עבר,Shat'ta,"Drank (f, past)",verb_shatta.wav,4,פעלים_-_עבר,
488,כתב,כָּתַב,פעלים - עבר,Katav,"Wrote (m, past)",verb_katav.wav,4,פעלים_-_עבר,
489,כתבה,כָּתְבָה,פעלים - עבר,Katva,"Wrote (f, past)",verb_katva.wav,4,פעלים_-_עבר,
490,קרא,קָרָא,פעלים - עבר,Kara,"Read (m, past)",verb_kara.wav,4,פעלים_-_עבר,
491,קראה,קָרְאָה,פעלים - עבר,Kar'a,"Read (f, past)",verb_karaa.wav,4,פעלים_-_עבר,
492,ישב,יָשַׁב,פעלים - עבר,Yashav,"Sat (m, past)",verb_yashav.wav,4,פעלים_-_עבר,
493,ישבה,יָשְׁבָה,פעלים - עבר,Yashva,"Sat (f, past)",verb_yashva.wav,4,פעלים_-_עבר,
494,עמד,עָמַד,פעלים - עבר,Amad,"Stood (m, past)",verb_amad.wav,4,פעלים_-_עבר,
495,עמדה,עָמְדָה,פעלים - עבר,Amda,"Stood (f, past)",verb_amda.wav,4,פעלים_-_עבר,
496,נתן,נָתַן,פעלים - עבר,Natan,"Gave (m, past)",verb_natan.wav,4,פעלים_-_עבר,
497,נתנה,נָתְנָה,פעלים - עבר,Natna,"Gave (f, past)",verb_natna.wav,4,פעלים_-_עבר,
498,חכמה,חֲכָמָה,שמות תואר,Chachama,Smart (f),adj_chachama.wav,2,שמות_תואר,
499,נחמדה,נֶחְמָדָה,שמות תואר,Nechmada,Nice (f),adj_nechmada.wav,2,שמות_תואר,
500,עצלנית,עַצְלָנִית,שמות תואר,Atzlanit,Lazy (f),adj_atzlanit.wav,2,שמות_תואר,
501,חרוצה,חֲרוּצָה,שמות תואר,Charutza,Diligent (f),adj_charutza.wav,2,שמות_תואר,
502,בישנית,בַּיְשָׁנִית,שמות תואר,Bayshanit,Shy (f),adj_bayshanit.wav,2,שמות_תואר,
503,מצחיקה,מַצְחִיקָה,שמות תואר,Matzchika,Funny (f),adj_matzchika.wav,2,שמות_תואר,
504,מאוד,מְאוֹד,תואר הפועל,Me'od,Very,adverb_meod.wav,3,תואר_הפועל,
505,מהר,מַהֵר,תואר הפועל,Maher,Quickly/Fast,adverb_maher.wav,3,תואר_הפועל,
506,לאט,לְאַט,תואר הפועל,Le'at,Slowly,adverb_leat.wav,3,תואר_הפועל,
507,תמיד,תָּמִיד,תואר הפועל,Tamid,Always,adverb_tamid.wav,3,תואר_הפועל,
508,לפעמים,לִפְעָמִים,תואר הפועל,Lif'amim,Sometimes,adverb_lifamim.wav,3,תואר_הפועל,
509,אף פעם,אַף פַּעַם,תואר הפועל,Af Pa'am,Never,adverb_af_paam.wav,3,תואר_הפועל,
510,כבר,כְּבָר,תואר הפועל,Kvar,Already,adverb_kvar.wav,3,תואר_הפועל,
511,עדין,עֲדַיִן,תואר הפועל,Adayin,Still/Yet,adverb_adayin.wav,3,תואר_הפועל,
512,יחד,יַחַד,תואר הפועל,Yachad,Together,adverb_yachad.wav,3,תואר_הפועל,
513,לבד,לְבַד,תואר הפועל,Levad,Alone,adverb_levad.wav,3,תואר_הפועל,
514,מצלמה,מַצְלֵמָה,שמות עצם,Matzlema,Camera,noun_matzlema.wav,3,שמות_עצם,
515,דגל,דֶּגֶל,שמות עצם,Degel,Flag,noun_degel.wav,3,שמות_עצם,
516,ארמון,אַרְמוֹן,שמות עצם,Armon,Palace,noun_armon.wav,3,שמות_עצם,
517,מדבר,מִדְבָּר,שמות עצם,Midbar,Desert,noun_midbar.wav,3,שמות_עצם,
518,אריה,אריה,בעלי חיים,Aryeh,Lion,animal_arye.wav,2,בעלי_חיים,
519,עוף,עוף,מזון ומשקאות,Of,Chicken,food_of.wav,2,מזון_ומשקאות,
520,מדינה,מְדִינָה,ממשל וחברה,Medina,Country/State,gov_medina.wav,3,ממשל_וחברה,
521,ממשלה,מֶמְשָׁלָה,ממשל וחברה,Memshala,Government,gov_memshala.wav,3,ממשל_וחברה,
522,חק,חֹק,ממשל וחברה,Chok,Law,gov_chok.wav,3,ממשל_וחברה,
523,משטרה,מִשְׁטָרָה,ממשל וחברה,Mishtara,Police,gov_mishtara.wav,3,ממשל_וחברה,
524,צבא,צָבָא,ממשל וחברה,Tzava,Army,gov_tzava.wav,3,ממשל_וחברה,
525,נשיא,נָשִׂיא,ממשל וחברה,Nasi,President,gov_nasi.wav,3,ממשל_וחברה,
526,ראש ממשלה,רֹאשׁ מֶמְשָׁלָה,ממשל וחברה,Rosh Memshala,Prime Minister,gov_rosh_memshala.wav,3,ממשל_וחברה,
527,אזרח,אֶזְרָח,ממשל וחברה,Ezrach,Citizen,gov_ezrach.wav,3,ממשל_וחברה,
528,בחירות,בְּחִירוֹת,ממשל וחברה,Bchirot,Elections,gov_bchirot.wav,3,ממשל_וחברה,
529,מלחמה,מִלְחָמָה,ממשל וחברה,Milchama,War,gov_milchama.wav,3,ממשל_וחברה,
530,תוצאה,תּוֹצָאָה,מושגים כלליים,Totza'a,Result,general_result.wav,3,מושגים_כלליים,
531,פתרון,פִּתְרוֹן,מושגים כלליים,Pitaron,Solution,general_solution.wav,3,מושגים_כלליים,
532,יוצא,יוֹצֵא,פעלים - הווה,Yotze,Goes out (m),verb_yotze.wav,3,פעלים_-_הווה,
533,יוצאת,יוֹצֵאת,פעלים - הווה,Yotzet,Goes out (f),verb_yotzet.wav,3,פעלים_-_הווה,
534,נכנס,נִכְנָס,פעלים - הווה,Nichnas,Enters (m),verb_nichnas.wav,3,פעלים_-_הווה,
535,נכנסת,נִכְנֶסֶת,פעלים - הווה,Nichneset,Enters (f),verb_nichneset.wav,3,פעלים_-_הווה,
536,עולה,עוֹלֶה,פעלים - הווה,Oleh,Goes up (m),verb_oleh.wav,3,פעלים_-_הווה,
537,עולה,עוֹלָה,פעלים - הווה,Ola,Goes up (f),verb_ola.wav,3,פעלים_-_הווה,
538,יורד,יוֹרֵד,פעלים - הווה,Yored,Goes down (m),verb_yored.wav,3,פעלים_-_הווה,
539,יורדת,יוֹרֶדֶת,פעלים - הווה,Yoredet,Goes down (f),verb_yoredet.wav,3,פעלים_-_הווה,
540,שוחה,שׂוֹחֶה,פעלים - הווה,Socheh,Swims (m),verb_socheh.wav,3,פעלים_-_הווה,
541,שוחה,שׂוֹחָה,פעלים - הווה,Socha,Swims (f),verb_socha.wav,3,פעלים_-_הווה,
542,פתוחה,פְּתוּחָה,שמות תואר,Ptucha,Open (f),adj_ptucha.wav,2,שמות_תואר,
543,סגורה,סְגוּרָה,שמות תואר,Sgura,Closed (f),adj_sgura.wav,2,שמות_תואר,
544,מלאה,מְלֵאָה,שמות תואר,Mele'a,Full (f),adj_melea.wav,2,שמות_תואר,
545,ריקה,רֵיקָה,שמות תואר,Reka,Empty (f),adj_reka.wav,2,שמות_תואר,
546,שבור,שָׁבוּר,שמות תואר,Shavur,Broken (m),adj_shavur.wav,2,שמות_תואר,
547,שבורה,שְׁבוּרָה,שמות תואר,Shvura,Broken (f),adj_shvura.wav,2,שמות_תואר,
548,מתקן,מְתֻקָּן,שמות תואר,Metukan,Fixed (m),adj_metukan.wav,2,שמות_תואר,
549,מתקנת,מְתֻקֶּנֶת,שמות תואר,Metukenet,Fixed (f),adj_metukenet.wav,2,שמות_תואר,
550,רטב,רָטֹב,שמות תואר,Ratov,Wet (m),adj_ratov.wav,2,שמות_תואר,
551,רטבה,רְטֻבָּה,שמות תואר,Retuba,Wet (f),adj_retuba.wav,2,שמות_תואר,
552,יבש,יָבֵשׁ,שמות תואר,Yavesh,Dry (m),adj_yavesh.wav,2,שמות_תואר,
553,יבשה,יְבֵשָׁה,שמות תואר,Yevesha,Dry (f),adj_yevesha.wav,2,שמות_תואר,
554,מספר,מִסְפָּר,מושגים כלליים,Mispar,Number,general_mispar.wav,3,מושגים_כלליים,
555,שם,שֵׁם,מושגים כלליים,Shem,Name,general_shem.wav,3,מושגים_כלליים,
556,מלה,מִלָּה,מושגים כלליים,Mila,Word,general_mila.wav,3,מושגים_כלליים,
557,משפט,מִשְׁפָּט,מושגים כלליים,Mishpat,Sentence,general_mishpat.wav,3,מושגים_כלליים,
558,סמל,סֵמֶל,מושגים כלליים,Semel,Symbol,general_semel.wav,3,מושגים_כלליים,
559,כוון,כִּוּוּן,מושגים כלליים,Kivun,Direction,general_kivun.wav,3,מושגים_כלליים,
560,מדבר,מְדַבֵּר,פעלים - הווה,Medaber,Speaks (m),verb_medaber.wav,3,פעלים_-_הווה,
561,מדברת,מְדַבֶּרֶת,פעלים - הווה,Medaberet,Speaks (f),verb_medaberet.wav,3,פעלים_-_הווה,
562,נותן,נוֹתֵן,פעלים - הווה,Noten,Gives (m),verb_noten.wav,3,פעלים_-_הווה,
563,נותנת,נוֹתֶנֶת,פעלים - הווה,Notenet,Gives (f),verb_notenet.wav,3,פעלים_-_הווה,
564,לוקח,לוֹקֵחַ,פעלים - הווה,Loke'ach,Takes (m),verb_lokeach.wav,3,פעלים_-_הווה,
565,לוקחת,לוֹקַחַת,פעלים - הווה,Lokachat,Takes (f),verb_lokachat.wav,3,פעלים_-_הווה,
566,חושב,חוֹשֵׁב,פעלים - הווה,Choshev,Thinks (m),verb_choshev.wav,3,פעלים_-_הווה,
567,חושבת,חוֹשֶׁבֶת,פעלים - הווה,Choshevet,Thinks (f),verb_choshevet.wav,3,פעלים_-_הווה,
568,טובים,טוֹבִים,צורות רבים,Tovim,"Good (m, pl)",adj_tovim.wav,3,צורות_רבים,
569,טובות,טוֹבוֹת,צורות רבים,Tovot,"Good (f, pl)",adj_tovot.wav,3,צורות_רבים,
570,גדולים,גְּדוֹלִים,צורות רבים,Gdolim,"Big (m, pl)",adj_gdolim.wav,3,צורות_רבים,
571,גדולות,גְּדוֹלוֹת,צורות רבים,Gdolot,"Big (f, pl)",adj_gdolot.wav,3,צורות_רבים,
572,קטנים,קְטַנִּים,צורות רבים,Ktanim,"Small (m, pl)",adj_ktanim.wav,3,צורות_רבים,
573,קטנות,קְטַנּוֹת,צורות רבים,Ktanot,"Small (f, pl)",adj_ktanot.wav,3,צורות_רבים,
574,יפים,יָפִים,צורות רבים,Yafim,"Beautiful (m, pl)",adj_yafim.wav,3,צורות_רבים,
575,יפות,יָפוֹת,צורות רבים,Yafot,"Beautiful (f, pl)",adj_yafot.wav,3,צורות_רבים,
576,חכמים,חֲכָמִים,צורות רבים,Chachamim,"Smart (m, pl)",adj_chachamim.wav,3,צורות_רבים,
577,חכמות,חֲכָמוֹת,צורות רבים,Chachamot,"Smart (f, pl)",adj_chachamot.wav,3,צורות_רבים,
578,מבין,מֵבִין,פעלים - הווה,Mevin,Understands (m),verb_mevin.wav,3,פעלים_-_הווה,
579,מבינה,מְבִינָה,פעלים - הווה,Mevina,Understands (f),verb_mevina.wav,3,פעלים_-_הווה,
580,שואל,שׁוֹאֵל,פעלים - הווה,Sho'el,Asks (m),verb_shoel.wav,3,פעלים_-_הווה,
581,שואלת,שׁוֹאֶלֶת,פעלים - הווה,Sho'elet,Asks (f),verb_shoelet.wav,3,פעלים_-_הווה,
582,עונה,עוֹנֶה,פעלים - הווה,Oneh,Answers (m),verb_oneh.wav,3,פעלים_-_הווה,
583,עונה,עוֹנָה,פעלים - הווה,Ona,Answers (f),verb_ona.wav,3,פעלים_-_הווה,
584,צריך,צָרִיךְ,פעלים - הווה,Tzarich,Needs (m),verb_tzarich.wav,3,פעלים_-_הווה,
585,צריכה,צְרִיכָה,פעלים - הווה,Tzricha,Needs (f),verb_tzricha.wav,3,פעלים_-_הווה,
586,בקר טוב,בֹּקֶר טוֹב,מושגים כלליים,Boker Tov,Good Morning,general_boker_tov.wav,3,מושגים_כלליים,
587,ערב טוב,עֶרֶב טוֹב,מושגים כלליים,Erev Tov,Good Evening,general_erev_tov.wav,3,מושגים_כלליים,
588,לילה טוב,לַיְלָה טוֹב,מושגים כלליים,Layla Tov,Good Night,general_layla_tov.wav,3,מושגים_כלליים,
589,תודה,תּוֹדָה,מושגים כלליים,Toda,Thanks,general_toda.wav,3,מושגים_כלליים,
590,בבקשה,בְּבַקָּשָׁה,מושגים כלליים,Bevakasha,Please/You're welcome,general_bevakasha.wav,3,מושגים_כלליים,
591,סליחה,סְלִיחָה,מושגים כלליים,Slicha,Sorry/Excuse me,general_slicha.wav,3,מושגים_כלליים,
592,כן,כֵּן,מושגים כלליים,Ken,Yes,general_ken.wav,3,מושגים_כלליים,
593,לא,לֹא,מושגים כלליים,Lo,No,general_lo.wav,3,מושגים_כלליים,
594,חדשים,חֲדָשִׁים,צורות רבים,Chadashim,"New (m, pl)",adj_chadashim.wav,3,צורות_רבים,
595,חדשות,חֲדָשׁוֹת,צורות רבים,Chadashot,"New (f, pl)",adj_chadashot.wav,3,צורות_רבים,
596,ישנים,יְשָׁנִים,צורות רבים,Yeshanim,"Old (m, pl)",adj_yeshanim.wav,3,צורות_רבים,
597,ישנות,יְשָׁנוֹת,צורות רבים,Yeshanot,"Old (f, pl)",adj_yeshanot.wav,3,צורות_רבים,
598,שמחים,שְׂמֵחִים,צורות רבים,Smechim,"Happy (m, pl)",feeling_smechim.wav,3,צורות_רבים,
599,שמחות,שְׂמֵחוֹת,צורות רבים,Smechot,"Happy (f, pl)",feeling_smechot.wav,3,צורות_רבים,
600,עצובים,עֲצוּבִים,צורות רבים,Atzuvim,"Sad (m, pl)",feeling_atzuvim.wav,3,צורות_רבים,
601,עצובות,עֲצוּבוֹת,צורות רבים,Atzuvot,"Sad (f, pl)",feeling_atzuvot.wav,3,צורות_רבים,
602,עיפים,עֲיֵפִים,צורות רבים,Ayefim,"Tired (m, pl)",feeling_ayefim.wav,3,צורות_רבים,
603,עיפות,עֲיֵפוֹת,צורות רבים,Ayefot,"Tired (f, pl)",feeling_ayefot.wav,3,צורות_רבים,
604,ידע,יָדַע,פעלים - עבר,Yada,"Knew (m, past)",verb_yada.wav,4,פעלים_-_עבר,
605,ידעה,יָדְעָה,פעלים - עבר,Yad'a,"Knew (f, past)",verb_yadaa.wav,4,פעלים_-_עבר,
606,שמע,שָׁמַע,פעלים - עבר,Shama,"Heard (m, past)",verb_shama.wav,4,פעלים_-_עבר,
607,שמעה,שָׁמְעָה,פעלים - עבר,Sham'a,"Heard (f, past)",verb_shamaa.wav,4,פעלים_-_עבר,
608,בא,בָּא,פעלים - עבר,Ba,"Came (m, past)",verb_ba_past.wav,4,פעלים_-_עבר,
609,באה,בָּאָה,פעלים - עבר,Ba'a,"Came (f, past)",verb_baa_past.wav,4,פעלים_-_עבר,
610,מזל טוב,מַזָּל טוֹב,מושגים כלליים,Mazal Tov,Congratulations,general_mazal_tov.wav,3,מושגים_כלליים,
611,בתאבון,בְּתֵאָבוֹן,מושגים כלליים,Be'teavon,Bon appétit,general_beteavon.wav,3,מושגים_כלליים,
612,לבריאות,לִבְרִיאוּת,מושגים כלליים,Livri'ut,Bless you/To health,general_livriut.wav,3,מושגים_כלליים,
613,בהצלחה,בְּהַצְלָחָה,מושגים כלליים,Be'hatzlacha,Good luck,general_behatzlacha.wav,3,מושגים_כלליים,
614,מה שלומך,מָה שְׁלוֹמְךָ,מושגים כלליים,Ma Shlomcha?,How are you? (m),general_ma_shlomcha.wav,3,מושגים_כלליים,
615,מה שלומך,מָה שְׁלוֹמֵךְ,מושגים כלליים,Ma Shlomech?,How are you? (f),general_ma_shlomech.wav,3,מושגים_כלליים,
616,טוב,טוֹב,מושגים כלליים,Tov,Good/Fine,general_tov.wav,3,מושגים_כלליים,
617,בסדר,בְּסֵדֶר,מושגים כלליים,Beseder,Okay/Alright,general_beseder.wav,3,מושגים_כלליים,
618,יאמר,יֹאמַר,פעלים - עתיד,Yomar,Will say (m),verb_yomar.wav,4,פעלים_-_עתיד,
619,תאמר,תֹּאמַר,פעלים - עתיד,Tomar,Will say (f),verb_tomar.wav,4,פעלים_-_עתיד,
620,ילך,יֵלֵךְ,פעלים - עתיד,Yelech,Will go (m),verb_yelech.wav,4,פעלים_-_עתיד,
621,תלך,תֵּלֵךְ,פעלים - עתיד,Telech,Will go (f),verb_telech.wav,4,פעלים_-_עתיד,
622,יבוא,יָבוֹא,פעלים - עתיד,Yavo,Will come (m),verb_yavo.wav,4,פעלים_-_עתיד,
623,תבוא,תָּבוֹא,פעלים - עתיד,Tavo,Will come (f),verb_tavo.wav,4,פעלים_-_עתיד,
624,יאכל,יֹאכַל,פעלים - עתיד,Yochal,Will eat (m),verb_yochal.wav,4,פעלים_-_עתיד,
625,תאכל,תֹּאכַל,פעלים - עתיד,Tochal,Will eat (f),verb_tochal.wav,4,פעלים_-_עתיד,
626,ישתה,יִשְׁתֶּה,פעלים - עתיד,Yishteh,Will drink (m),verb_yishte.wav,4,פעלים_-_עתיד,
627,תשתה,תִּשְׁתֶּה,פעלים - עתיד,Tishteh,Will drink (f),verb_tishte.wav,4,פעלים_-_עתיד,
628,יראה,יִרְאֶה,פעלים - עתיד,Yir'eh,Will see (m),verb_yire.wav,4,פעלים_-_עתיד,
629,תראה,תִּרְאֶה,פעלים - עתיד,Tir'eh,Will see (f),verb_tire.wav,4,פעלים_-_עתיד,
630,ישמע,יִשְׁמַע,פעלים - עתיד,Yishma,Will hear (m),verb_yishma.wav,4,פעלים_-_עתיד,
631,תשמע,תִּשְׁמַע,פעלים - עתיד,Tishma,Will hear (f),verb_tishma.wav,4,פעלים_-_עתיד,
632,יתן,יִתֵּן,פעלים - עתיד,Yiten,Will give (m),verb_yiten.wav,4,פעלים_-_עתיד,
633,תתן,תִּתֵּן,פעלים - עתיד,Titen,Will give (f),verb_titen.wav,4,פעלים_-_עתיד,
634,מראה,מַרְאָה,כלים,Mar'a,Mirror,object_mara.wav,3,כלים,
635,מקרר,מְקָרֵר,כלים,Mekarer,Refrigerator,object_mekarer.wav,3,כלים,
636,תנור,תַּנּוּר,כלים,Tanur,Oven,object_tanur.wav,3,כלים,
637,מיקרוגל,מִיקְרוֹגַל,כלים,Mikrogal,Microwave,object_mikrogal.wav,3,כלים,
638,כירים,כִּירַיִם,כלים,Kirayim,Stovetop,object_kirayim.wav,3,כלים,
639,ארון,אָרוֹן,כלים,Aron,Closet/Cabinet,object_aron.wav,3,כלים,
640,מגרה,מְגֵרָה,כלים,Megera,Drawer,object_megera.wav,3,כלים,
641,מדף,מַדָּף,כלים,Madaf,Shelf,object_madaf.wav,3,כלים,
642,כרית,כָּרִית,כלים,Karit,Pillow,object_karit.wav,3,כלים,
643,שמיכה,שְׂמִיכָה,כלים,Smicha,Blanket,object_smicha.wav,3,כלים,
644,יכתב,יִכְתֹּב,פעלים - עתיד,Yichtov,Will write (m),verb_yichtov.wav,4,פעלים_-_עתיד,
645,תכתב,תִּכְתֹּב,פעלים - עתיד,Tichtov,Will write (f),verb_tichtov.wav,4,פעלים_-_עתיד,
646,יקרא,יִקְרָא,פעלים - עתיד,Yikra,Will read (m),verb_yikra.wav,4,פעלים_-_עתיד,
647,תקרא,תִּקְרָא,פעלים - עתיד,Tikra,Will read (f),verb_tikra.wav,4,פעלים_-_עתיד,
648,יעבד,יַעֲבֹד,פעלים - עתיד,Ya'avod,Will work (m),verb_yaavod.wav,4,פעלים_-_עתיד,
649,תעבד,תַּעֲבֹד,פעלים - עתיד,Ta'avod,Will work (f),verb_taavod.wav,4,פעלים_-_עתיד,
650,ילמד,יִלְמַד,פעלים - עתיד,Yilmad,Will learn (m),verb_yilmad.wav,4,פעלים_-_עתיד,
651,תלמד,תִּלְמַד,פעלים - עתיד,Tilmad,Will learn (f),verb_tilmad.wav,4,פעלים_-_עתיד,
652,ישחק,יְשַׂחֵק,פעלים - עתיד,Yesachek,Will play (m),verb_yesachek.wav,4,פעלים_-_עתיד,
653,תשחק,תְּשַׂחֵק,פעלים - עתיד,Tesachek,Will play (f),verb_tesachek.wav,4,פעלים_-_עתיד,
654,ירוץ,יָרוּץ,פעלים - עתיד,Yarutz,Will run (m),verb_yarutz.wav,4,פעלים_-_עתיד,
655,תרוץ,תָּרוּץ,פעלים - עתיד,Tarutz,Will run (f),verb_tarutz.wav,4,פעלים_-_עתיד,
656,ישב,יֵשֵׁב,פעלים - עתיד,Yeshev,Will sit (m),verb_yeshev.wav,4,פעלים_-_עתיד,
657,תשב,תֵּשֵׁב,פעלים - עתיד,Teshev,Will sit (f),verb_teshev.wav,4,פעלים_-_עתיד,
658,מטבע,מַטְבֵּעַ,מושגים - כסף,Matbe'a,Coin,money_matbea.wav,3,מושגים_-_כסף,
659,שטר,שְׁטָר,מושגים - כסף,Shtar,Bill (banknote),money_shtar.wav,3,מושגים_-_כסף,
660,בנק,בַּנְק,מושגים - כסף,Bank,Bank,money_bank.wav,3,מושגים_-_כסף,
661,כרטיס אשראי,כַּרְטִיס אַשְׁרַאי,מושגים - כסף,Kartis Ashrai,Credit Card,money_kartis_ashrai.wav,3,מושגים_-_כסף,
662,רובה,רוֹבֶה,מושגים - צבא,Roveh,Rifle,military_roveh.wav,3,מושגים_-_צבא,
663,מדים,מַדִּים,מושגים - צבא,Madim,Uniform,military_madim.wav,3,מושגים_-_צבא,
664,טנק,טַנְק,מושגים - צבא,Tank,Tank,military_tank.wav,3,מושגים_-_צבא,
665,חדר שנה,חֲדַר שֵׁנָה,צירופי מילים,Chadar Shena,Bedroom,combo_chadar_shena.wav,4,צירופי_מילים,
666,חדר אוכל,חֲדַר אוֹכֶל,צירופי מילים,Chadar Ochel,Dining room,combo_chadar_ochel.wav,4,צירופי_מילים,
667,חדר מגורים,חֲדַר מְגוּרִים,צירופי מילים,Chadar Megurim,Living room,combo_chadar_megurim.wav,4,צירופי_מילים,
668,מכונת כביסה,מְכוֹנַת כְּבִיסָה,צירופי מילים,Mechonat Kvisa,Washing machine,combo_mechonat_kvisa.wav,4,צירופי_מילים,
669,תחנת אוטובוס,תַּחֲנַת אוֹטוֹבּוּס,צירופי מילים,Tachanat Otobus,Bus stop,combo_tachanat_otobus.wav,4,צירופי_מילים,
670,כדורגל,כַּדּוּרֶגֶל,צירופי מילים,Kaduregel,Football,combo_kaduregel.wav,4,צירופי_מילים,
671,כדורסל,כַּדּוּרְסַל,צירופי מילים,Kadursal,Basketball,combo_kadursal.wav,4,צירופי_מילים,
672,שעורי בית,שִׁעוּרֵי בַּיִת,צירופי מילים,Shi'urei Bayit,Homework,combo_shiurei_bayit.wav,4,צירופי_מילים,
673,גן ילדים,גַּן יְלָדִים,צירופי מילים,Gan Yeladim,Kindergarten,combo_gan_yeladim.wav,4,צירופי_מילים,
674,יעזר,יַעֲזֹר,פעלים - עתיד,Ya'azor,Will help (m),verb_yaazor.wav,4,פעלים_-_עתיד,
675,תעזר,תַּעֲזֹר,פעלים - עתיד,Ta'azor,Will help (f),verb_taazor.wav,4,פעלים_-_עתיד,
676,יסגר,יִסְגֹּר,פעלים - עתיד,Yisgor,Will close (m),verb_yisgor.wav,4,פעלים_-_עתיד,
677,תסגר,תִּסְגֹּר,פעלים - עתיד,Tisgor,Will close (f),verb_tisgor.wav,4,פעלים_-_עתיד,
678,יפתח,יִפְתַּח,פעלים - עתיד,Yiftach,Will open (m),verb_yiftach.wav,4,פעלים_-_עתיד,
679,תפתח,תִּפְתַּח,פעלים - עתיד,Tiftach,Will open (f),verb_tiftach.wav,4,פעלים_-_עתיד,
680,יקנה,יִקְנֶה,פעלים - עתיד,Yikneh,Will buy (m),verb_yikneh.wav,4,פעלים_-_עתיד,
681,תקנה,תִּקְנֶה,פעלים - עתיד,Tikneh,Will buy (f),verb_tikneh.wav,4,פעלים_-_עתיד,
682,יבנה,יִבְנֶה,פעלים - עתיד,Yivneh,Will build (m),verb_yivneh.wav,4,פעלים_-_עתיד,
683,תבנה,תִּבְנֶה,פעלים - עתיד,Tivneh,Will build (f),verb_tivneh.wav,4,פעלים_-_עתיד,
684,בית ספר,בֵּית סֵפֶר,צירופי מילים,Beit Sefer,School,combo_beit_sefer.wav,4,צירופי_מילים,
685,בית חולים,בֵּית חוֹלִים,צירופי מילים,Beit Cholim,Hospital,combo_beit_cholim.wav,4,צירופי_מילים,
686,תפוח עץ,תַּפּוּחַ עֵץ,צירופי מילים,Tapu'ach Etz,Apple,combo_tapuach_etz.wav,4,צירופי_מילים,
687,תפוח אדמה,תַּפּוּחַ אֲדָמָה,צירופי מילים,Tapu'ach Adama,Potato,combo_tapuach_adama.wav,4,צירופי_מילים,
688,יום הלדת,יוֹם הֻלֶּדֶת,צירופי מילים,Yom Huledet,Birthday,combo_yom_huledet.wav,4,צירופי_מילים,
689,עץ זית,עֵץ זַיִת,צירופי מילים,Etz Zayit,Olive tree,combo_etz_zayit.wav,4,צירופי_מילים,
690,שמן זית,שֶׁמֶן זַיִת,צירופי מילים,Shemen Zayit,Olive oil,combo_shemen_zayit.wav,4,צירופי_מילים,
691,כרטיס ביקור,כַּרְטִיס בִּיקוּר,צירופי מילים,Kartis Bikur,Business card,combo_kartis_bikur.wav,4,צירופי_מילים,
692,ידים,יָדַיִם,צורות רבים,Yadayim,Hands,body_yadayim.wav,3,צורות_רבים,
693,רגלים,רַגְלַיִם,צורות רבים,Raglayim,Legs/Feet,body_raglayim.wav,3,צורות_רבים,
694,עינים,עֵינַיִם,צורות רבים,Einayim,Eyes,body_einayim.wav,3,צורות_רבים,
695,אזנים,אָזְנַיִם,צורות רבים,Oznayim,Ears,body_oznayim.wav,3,צורות_רבים,
696,שפתים,שְׂפָתַיִם,צורות רבים,Sfatayim,Lips,body_sfatayim.wav,3,צורות_רבים,
697,שנים,שִׁנַּיִם,צורות רבים,Shinayim,Teeth,body_shinayim.wav,3,צורות_רבים,
698,כתפים,כְּתֵפַיִם,צורות רבים,Ktefayim,Shoulders,body_ktefayim.wav,3,צורות_רבים,
699,ברכים,בִּרְכַּיִם,צורות רבים,Birkayim,Knees,body_birkayim.wav,3,צורות_רבים,
700,יחשב,יַחְשֹׁב,פעלים - עתיד,Yachshov,Will think (m),verb_yachshov.wav,4,פעלים_-_עתיד,
701,תחשב,תַּחְשֹׁב,פעלים - עתיד,Tachshov,Will think (f),verb_tachshov.wav,4,פעלים_-_עתיד,
702,ישאל,יִשְׁאַל,פעלים - עתיד,Yish'al,Will ask (m),verb_yishal.wav,4,פעלים_-_עתיד,
703,תשאל,תִּשְׁאַל,פעלים - עתיד,Tish'al,Will ask (f),verb_tishal.wav,4,פעלים_-_עתיד,
704,יענה,יַעֲנֶה,פעלים - עתיד,Ya'aneh,Will answer (m),verb_yaaneh.wav,4,פעלים_-_עתיד,
705,תענה,תַּעֲנֶה,פעלים - עתיד,Ta'aneh,Will answer (f),verb_taaneh.wav,4,פעלים_-_עתיד,
706,יתחיל,יַתְחִיל,פעלים - עתיד,Yatchil,Will start (m),verb_yatchil.wav,4,פעלים_-_עתיד,
707,תתחיל,תַּתְחִיל,פעלים - עתיד,Tatchil,Will start (f),verb_tatchil.wav,4,פעלים_-_עתיד,
708,יגמר,יִגְמֹר,פעלים - עתיד,Yigmor,Will finish (m),verb_yigmor.wav,4,פעלים_-_עתיד,
709,תגמר,תִּגְמֹר,פעלים - עתיד,Tigmor,Will finish (f),verb_tigmor.wav,4,פעלים_-_עתיד,
710,יצטרך,יִצְטָרֵךְ,פעלים - עתיד,Yitztarech,Will need (m),verb_yitztarech.wav,4,פעלים_-_עתיד,
711,תצטרך,תִּצְטָרֵךְ,פעלים - עתיד,Titztarech,Will need (f),verb_titztarech.wav,4,פעלים_-_עתיד,
712,יוכל,יוּכַל,פעלים - עתיד,Yuchal,Will be able (m),verb_yuchal.wav,4,פעלים_-_עתיד,
713,תוכל,תּוּכַל,פעלים - עתיד,Tuchal,Will be able (f),verb_tuchal.wav,4,פעלים_-_עתיד,
714,יבין,יָבִין,פעלים - עתיד,Yavin,Will understand (m),verb_yavin.wav,4,פעלים_-_עתיד,
715,תבין,תָּבִין,פעלים - עתיד,Tavin,Will understand (f),verb_tavin.wav,4,פעלים_-_עתיד,
716,יחפש,יְחַפֵּשׂ,פעלים - עתיד,Yechapes,Will search (m),verb_yechapes.wav,4,פעלים_-_עתיד,
717,תחפש,תְּחַפֵּשׂ,פעלים - עתיד,Techapes,Will search (f),verb_techapes.wav,4,פעלים_-_עתיד,
718,ימצא,יִמְצָא,פעלים - עתיד,Yimtza,Will find (m),verb_yimtza.wav,4,פעלים_-_עתיד,
719,תמצא,תִּמְצָא,פעלים - עתיד,Timtza,Will find (f),verb_timtza.wav,4,פעלים_-_עתיד,
720,יזכר,יִזְכֹּר,פעלים - עתיד,Yizkor,Will remember (m),verb_yizkor.wav,4,פעלים_-_עתיד,
721,תזכר,תִּזְכֹּר,פעלים - עתיד,Tizkor,Will remember (f),verb_tizkor.wav,4,פעלים_-_עתיד,
722,ישכח,יִשְׁכַּח,פעלים - עתיד,Yishkach,Will forget (m),verb_yishkach.wav,4,פעלים_-_עתיד,
723,תשכח,תִּשְׁכַּח,פעלים - עתיד,Tishkach,Will forget (f),verb_tishkach.wav,4,פעלים_-_עתיד,
724,קופת חולים,קוּפַּת חוֹלִים,צירופי מילים,Kupat Cholim,Health fund/Clinic,combo_kupat_cholim.wav,4,צירופי_מילים,
725,תעודת זהות,תְּעוּדַת זֶהוּת,צירופי מילים,Te'udat Zehut,ID Card,combo_teudat_zehut.wav,4,צירופי_מילים,
726,רשיון נהיגה,רִשְׁיוֹן נְהִיגָה,צירופי מילים,Rishayon Nehiga,Driver's license,combo_rishayon_nehiga.wav,4,צירופי_מילים,
727,ארצות הברית,אַרְצוֹת הַבְּרִית,צירופי מילים,Artzot HaBrit,United States,combo_artzot_habrit.wav,4,צירופי_מילים,
728,כדור הארץ,כַּדּוּר הָאָרֶץ,צירופי מילים,Kadur Ha'Aretz,Planet Earth,combo_kadur_haaretz.wav,4,צירופי_מילים,
729,מזג אויר,מֶזֶג אֲוִיר,צירופי מילים,Mezeg Avir,Weather,combo_mezeg_avir.wav,4,צירופי_מילים,
730,סוף שבוע,סוֹף שָׁבוּעַ,צירופי מילים,Sof Shavua,Weekend,combo_sof_shavua.wav,4,צירופי_מילים,
731,ארוחת בקר,אֲרוּחַת בֹּקֶר,צירופי מילים,Aruchat Boker,Breakfast,combo_aruchat_boker.wav,4,צירופי_מילים,
732,ארוחת ערב,אֲרוּחַת עֶרֶב,צירופי מילים,Aruchat Erev,Dinner/Supper,combo_aruchat_erev.wav,4,צירופי_מילים,
733,ארוחת צהרים,אֲרוּחַת צָהֳרַיִם,צירופי מילים,Aruchat Tzahorayim,Lunch,combo_aruchat_tzahorayim.wav,4,צירופי_מילים,
734,הולכים,הוֹלְכִים,פעלים - רבים הווה,Holchim,"Go/Walk (m, pl)",verb_holchim.wav,3,פעלים_-_רבים_הווה,
735,הולכוT,הוֹלְכוֹT,פעלים - רבים הווה,Holchot,"Go/Walk (f, pl)",verb_holchot.wav,3,פעלים_-_רבים_הווה,
736,אומרים,אוֹמְרִים,פעלים - רבים הווה,Omrim,"Say (m, pl)",verb_omrim.wav,3,פעלים_-_רבים_הווה,
737,אומרות,אוֹמְרוֹת,פעלים - רבים הווה,Omrot,"Say (f, pl)",verb_omrot.wav,3,פעלים_-_רבים_הווה,
738,רואים,רוֹאִים,פעלים - רבים הווה,Ro'im,"See (m, pl)",verb_roim.wav,3,פעלים_-_רבים_הווה,
739,רואות,רוֹאוֹת,פעלים - רבים הווה,Ro'ot,"See (f, pl)",verb_root.wav,3,פעלים_-_רבים_הווה,
740,שומעים,שׁוֹמְעִים,פעלים - רבים הווה,Shom'im,"Hear (m, pl)",verb_shomim.wav,3,פעלים_-_רבים_הווה,
741,שומעות,שׁוֹמְעוֹת,פעלים - רבים הווה,Shom'ot,"Hear (f, pl)",verb_shomot.wav,3,פעלים_-_רבים_הווה,
742,אוכלים,אוֹכְלִים,פעלים - רבים הווה,Ochlim,"Eat (m, pl)",verb_ochlim.wav,3,פעלים_-_רבים_הווה,
743,אוכלות,אוֹכְלוֹת,פעלים - רבים הווה,Ochlot,"Eat (f, pl)",verb_ochlot.wav,3,פעלים_-_רבים_הווה,
744,שותים,שׁוֹתִים,פעלים - רבים הווה,Shotim,"Drink (m, pl)",verb_shotim.wav,3,פעלים_-_רבים_הווה,
745,שותות,שׁוֹתוֹת,פעלים - רבים הווה,Shotot,"Drink (f, pl)",verb_shotot.wav,3,פעלים_-_רבים_הווה,
746,חזקים,חֲזָקִים,צורות רבים,Chazakim,"Strong (m, pl)",adj_chazakim.wav,3,צורות_רבים,
747,חזקות,חֲזָקוֹת,צורות רבים,Chazakot,"Strong (f, pl)",adj_chazakot.wav,3,צורות_רבים,
748,חלשים,חַלָּשִׁים,צורות רבים,Chalashim,"Weak (m, pl)",adj_chalashim.wav,3,צורות_רבים,
749,חלשות,חַלָּשׁוֹת,צורות רבים,Chalashot,"Weak (f, pl)",adj_chalashot.wav,3,צורות_רבים,
750,נקיים,נְקִיִּים,צורות רבים,Neki'im,"Clean (m, pl)",adj_nekiim.wav,3,צורות_רבים,
751,נקיות,נְקִיּוֹת,צורות רבים,Nekiyot,"Clean (f, pl)",adj_nekiyot.wav,3,צורות_רבים,
752,מלכלכים,מְלֻכְלָכִים,צורות רבים,Meluchlachim,"Dirty (m, pl)",adj_meluchlachim.wav,3,צורות_רבים,
753,מלכלכות,מְלֻכְלָכוֹת,צורות רבים,Meluchlachot,"Dirty (f, pl)",adj_meluchlachot.wav,3,צורות_רבים,
754,כותבים,כּוֹתְבִים,פעלים - רבים הווה,Kotvim,"Write (m, pl)",verb_kotvim.wav,3,פעלים_-_רבים_הווה,
755,כותבות,כּוֹתְבוֹת,פעלים - רבים הווה,Kotvot,"Write (f, pl)",verb_kotvot.wav,3,פעלים_-_רבים_הווה,
756,קוראים,קוֹרְאִים,פעלים - רבים הווה,Kor'im,"Read (m, pl)",verb_korim.wav,3,פעלים_-_רבים_הווה,
757,קוראות,קוֹרְאוֹת,פעלים - רבים הווה,Kor'ot,"Read (f, pl)",verb_korot.wav,3,פעלים_-_רבים_הווה,
758,עובדים,עוֹבְדִים,פעלים - רבים הווה,Ovdim,"Work (m, pl)",verb_ovdim.wav,3,פעלים_-_רבים_הווה,
759,עובדות,עוֹבְדוֹת,פעלים - רבים הווה,Ovdot,"Work (f, pl)",verb_ovdot.wav,3,פעלים_-_רבים_הווה,
760,לומדים,לוֹמְדִים,פעלים - רבים הווה,Lomdim,"Learn (m, pl)",verb_lomdim.wav,3,פעלים_-_רבים_הווה,
761,לומדות,לוֹמְדוֹת,פעלים - רבים הווה,Lomdot,"Learn (f, pl)",verb_lomdot.wav,3,פעלים_-_רבים_הווה,
762,יודעים,יוֹדְעִים,פעלים - רבים הווה,Yod'im,"Know (m, pl)",verb_yodim.wav,3,פעלים_-_רבים_הווה,
763,יודעות,יוֹדְעוֹת,פעלים - רבים הווה,Yod'ot,"Know (f, pl)",verb_yodot.wav,3,פעלים_-_רבים_הווה,
764,היו,הָיוּ,פעלים - רבים עבר,Hayu,Were (pl),verb_hayu.wav,3,פעלים_-_רבים_עבר,
765,אמרו,אָמְרוּ,פעלים - רבים עבר,Amru,Said (pl),verb_amru.wav,3,פעלים_-_רבים_עבר,
766,הלכו,הָלְכוּ,פעלים - רבים עבר,Halchu,Went (pl),verb_halchu.wav,3,פעלים_-_רבים_עבר,
767,ראו,רָאוּ,פעלים - רבים עבר,Ra'u,Saw (pl),verb_rau.wav,3,פעלים_-_רבים_עבר,
768,שמעו,שָׁמְעוּ,פעלים - רבים עבר,Sham'u,Heard (pl),verb_shamu.wav,3,פעלים_-_רבים_עבר,
769,אכלו,אָכְלוּ,פעלים - רבים עבר,Achlu,Ate (pl),verb_achlu.wav,3,פעלים_-_רבים_עבר,
770,שתו,שָׁתוּ,פעלים - רבים עבר,Shatu,Drank (pl),verb_shatu.wav,3,פעלים_-_רבים_עבר,
771,כתבו,כָּתְבוּ,פעלים - רבים עבר,Katvu,Wrote (pl),verb_katvu.wav,3,פעלים_-_רבים_עבר,
772,קראו,קָרְאוּ,פעלים - רבים עבר,Kar'u,Read (pl),verb_karu.wav,3,פעלים_-_רבים_עבר,
773,נתנו,נָתְנוּ,פעלים - רבים עבר,Natnu,Gave (pl),verb_natnu.wav,3,פעלים_-_רבים_עבר,
774,עשו,עָשׂוּ,פעלים - רבים עבר,Asu,Did (pl),verb_asu.wav,3,פעלים_-_רבים_עבר,
775,ישבו,יָשְׁבוּ,פעלים - רבים עבר,Yashvu,Sat (pl),verb_yashvu.wav,3,פעלים_-_רבים_עבר,
776,עמדו,עָמְדוּ,פעלים - רבים עבר,Amdu,Stood (pl),verb_amdu.wav,3,פעלים_-_רבים_עבר,
777,רצו,רָצוּ,פעלים - רבים עבר,Ratzu,Ran (pl),verb_ratzu.wav,3,פעלים_-_רבים_עבר,
778,ידעו,יָדְעוּ,פעלים - רבים עבר,Yad'u,Knew (pl),verb_yadu.wav,3,פעלים_-_רבים_עבר,
779,רצו,רָצוּ,פעלים - רבים עבר,Ratzu,Wanted (pl),verb_ratzu_wanted.wav,3,פעלים_-_רבים_עבר,
780,יכלו,יָכְלוּ,פעלים - רבים עבר,Yachlu,Could (pl),verb_yachlu.wav,3,פעלים_-_רבים_עבר,
781,פתחו,פָּתְחוּ,פעלים - רבים עבר,Patchu,Opened (pl),verb_patchu.wav,3,פעלים_-_רבים_עבר,
782,סגרו,סָגְרוּ,פעלים - רבים עבר,Sagru,Closed (pl),verb_sagru.wav,3,פעלים_-_רבים_עבר,
783,קנו,קָנוּ,פעלים - רבים עבר,Kanu,Bought (pl),verb_kanu.wav,3,פעלים_-_רבים_עבר,
784,יאמרו,יֹאמְרוּ,פעלים - רבים עתיד,Yomru,Will say (pl),verb_yomru.wav,3,פעלים_-_רבים_עתיד,
785,ילכו,יֵלְכוּ,פעלים - רבים עתיד,Yelchu,Will go (pl),verb_yelchu.wav,3,פעלים_-_רבים_עתיד,
786,יראו,יִרְאוּ,פעלים - רבים עתיד,Yir'u,Will see (pl),verb_yiru.wav,3,פעלים_-_רבים_עתיד,
787,ישמעו,יִשְׁמְעוּ,פעלים - רבים עתיד,Yishme'u,Will hear (pl),verb_yishmeu.wav,3,פעלים_-_רבים_עתיד,
788,יאכלו,יֹאכְלוּ,פעלים - רבים עתיד,Yochlu,Will eat (pl),verb_yochlu.wav,3,פעלים_-_רבים_עתיד,
789,ישתו,יִשְׁתּוּ,פעלים - רבים עתיד,Yishtu,Will drink (pl),verb_yishtu.wav,3,פעלים_-_רבים_עתיד,
790,יכתבו,יִכְתְּבוּ,פעלים - רבים עתיד,Yichtevu,Will write (pl),verb_yichtevu.wav,3,פעלים_-_רבים_עתיד,
791,יקראו,יִקְרְאוּ,פעלים - רבים עתיד,Yikre'u,Will read (pl),verb_yikreu.wav,3,פעלים_-_רבים_עתיד,
792,יתנו,יִתְּנוּ,פעלים - רבים עתיד,Yitnu,Will give (pl),verb_yitnu.wav,3,פעלים_-_רבים_עתיד,
793,יהיו,יִהְיוּ,פעלים - רבים עתיד,Yihiyu,Will be (pl),verb_yihiyu.wav,3,פעלים_-_רבים_עתיד,
794,יעבדו,יַעַבְדוּ,פעלים - רבים עתיד,Ya'avdu,Will work (pl),verb_yaavdu.wav,3,פעלים_-_רבים_עתיד,
795,ילמדו,יִלְמְדוּ,פעלים - רבים עתיד,Yilmedu,Will learn (pl),verb_yilmedu.wav,3,פעלים_-_רבים_עתיד,
796,ישחקו,יְשַׂחֲקוּ,פעלים - רבים עתיד,Yesachaku,Will play (pl),verb_yesachaku.wav,3,פעלים_-_רבים_עתיד,
797,ירוצו,יָרוּצוּ,פעלים - רבים עתיד,Yarutzu,Will run (pl),verb_yarutzu.wav,3,פעלים_-_רבים_עתיד,
798,ישבו,יֵשְׁבוּ,פעלים - רבים עתיד,Yeshvu,Will sit (pl),verb_yeshvu.wav,3,פעלים_-_רבים_עתיד,
799,יעמדו,יַעַמְדוּ,פעלים - רבים עתיד,Ya'amdu,Will stand (pl),verb_yaamdu.wav,3,פעלים_-_רבים_עתיד,
800,יפתחו,יִפְתְּחוּ,פעלים - רבים עתיד,Yiftechi,Will open (pl),verb_yiftechi.wav,3,פעלים_-_רבים_עתיד,
801,יסגרו,יִסְגְּרוּ,פעלים - רבים עתיד,Yisgeru,Will close (pl),verb_yisgeru.wav,3,פעלים_-_רבים_עתיד,
802,יקנו,יִקְנוּ,פעלים - רבים עתיד,Yiknu,Will buy (pl),verb_yiknu.wav,3,פעלים_-_רבים_עתיד,
803,יבנו,יִבְנוּ,פעלים - רבים עתיד,Yivnu,Will build (pl),verb_yivnu.wav,3,פעלים_-_רבים_עתיד,
804,בתים,בָּתִּים,צורות רבים,Batim,Houses,noun_batim.wav,3,צורות_רבים,
805,דלתות,דְּלָתוֹת,צורות רבים,Dlatot,Doors,noun_dlatot.wav,3,צורות_רבים,
806,חלונות,חַלּוֹנוֹת,צורות רבים,Chalonot,Windows,noun_chalonot.wav,3,צורות_רבים,
807,שלחנות,שֻׁלְחָנוֹת,צורות רבים,Shulchanot,Tables,noun_shulchanot.wav,3,צורות_רבים,
808,כסאות,כִּסְאוֹת,צורות רבים,Kis'ot,Chairs,noun_kisot.wav,3,צורות_רבים,
809,מטות,מִטּוֹת,צורות רבים,Mitot,Beds,noun_mitot.wav,3,צורות_רבים,
810,ספרים,סְפָרִים,צורות רבים,Sfarim,Books,noun_sfarim.wav,3,צורות_רבים,
811,מחשבים,מַחְשְׁבִים,צורות רבים,Machshevim,Computers,noun_machshevim.wav,3,צורות_רבים,
812,מכוניות,מְכוֹנִיּוֹת,צורות רבים,Mechoniyot,Cars,noun_mechoniyot.wav,3,צורות_רבים,
813,אנשים,אֲנָשִׁים,צורות רבים,Anashim,People,noun_anashim.wav,3,צורות_רבים,
814,ילדים,יְלָדִים,צורות רבים,Yeladim,Children,noun_yeladim.wav,3,צורות_רבים,
815,בנים,בָּנִים,צורות רבים,Banim,Boys/Sons,noun_banim.wav,3,צורות_רבים,
816,בנות,בָּנוֹת,צורות רבים,Banot,Girls/Daughters,noun_banot.wav,3,צורות_רבים,
817,גברים,גְּבָרִים,צורות רבים,Gvarim,Men,noun_gvarim.wav,3,צורות_רבים,
818,נשים,נָשִׁים,צורות רבים,Nashim,Women,noun_nashim.wav,3,צורות_רבים,
819,ימים,יָמִים,צורות רבים,Yamim,Days,noun_yamim.wav,3,צורות_רבים,
820,לילות,לֵילוֹת,צורות רבים,Leilot,Nights,noun_leilot.wav,3,צורות_רבים,
821,שבועות,שָׁבוּעוֹת,צורות רבים,Shavu'ot,Weeks,noun_shavuot.wav,3,צורות_רבים,
822,חדשים,חֳדָשִׁים,צורות רבים,Chodashim,Months,noun_chodashim.wav,3,צורות_רבים,
823,שנים,שָׁנִים,צורות רבים,Shanim,Years,noun_shanim.wav,3,צורות_רבים,
824,רעבים,רְעֵבִים,צורות רבים,Re'evim,"Hungry (m, pl)",feeling_reevim.wav,3,צורות_רבים,
825,רעבות,רְעֵבוֹת,צורות רבים,Re'evot,"Hungry (f, pl)",feeling_reevot.wav,3,צורות_רבים,
826,צמאים,צְמֵאִים,צורות רבים,Tzme'im,"Thirsty (m, pl)",feeling_tzmeim.wav,3,צורות_רבים,
827,צמאות,צְמֵאוֹת,צורות רבים,Tzme'ot,"Thirsty (f, pl)",feeling_tzmeot.wav,3,צורות_רבים,
828,חולים,חוֹלִים,צורות רבים,Cholim,"Sick (m, pl)",feeling_cholim.wav,3,צורות_רבים,
829,חולות,חוֹלוֹת,צורות רבים,Cholot,"Sick (f, pl)",feeling_cholot.wav,3,צורות_רבים,
830,בריאים,בְּרִיאִים,צורות רבים,Bri'im,"Healthy (m, pl)",feeling_briim.wav,3,צורות_רבים,
831,בריאות,בְּרִיאוֹת,צורות רבים,Bri'ot,"Healthy (f, pl)",feeling_briot.wav,3,צורות_רבים,
832,מהירים,מְהִירִים,צורות רבים,Mehirim,"Fast (m, pl)",adj_mehirim.wav,3,צורות_רבים,
833,מהירות,מְהִירוֹת,צורות רבים,Mehirot,"Fast (f, pl)",adj_mehirot.wav,3,צורות_רבים,
834,כרטיס טיסה,כַּרְטִיס טִיסָה,צירופי מילים,Kartis Tisa,Flight ticket,combo_kartis_tisa.wav,4,צירופי_מילים,
835,תחנת רכבת,תַּחֲנַת רַכֶּבֶת,צירופי מילים,Tachanat Rakevet,Train station,combo_tachanat_rakevet.wav,4,צירופי_מילים,
836,נמל תעופה,נְמַל תְּעוּפָה,צירופי מילים,Nemal Te'ufa,Airport,combo_nemal_teufa.wav,4,צירופי_מילים,
837,כאב ראש,כְּאֵב רֹאשׁ,צירופי מילים,Ke'ev Rosh,Headache,combo_keev_rosh.wav,4,צירופי_מילים,
838,כאב בטן,כְּאֵב בֶּטֶן,צירופי מילים,Ke'ev Beten,Stomach ache,combo_keev_beten.wav,4,צירופי_מילים,
839,כוס קפה,כּוֹס קָפֶה,צירופי מילים,Kos Kafeh,Cup of coffee,combo_kos_kafeh.wav,4,צירופי_מילים,
840,כוס תה,כּוֹס תֶּה,צירופי מילים,Kos Teh,Cup of tea,combo_kos_teh.wav,4,צירופי_מילים,
841,בקבוק מים,בַּקְבּוּק מַיִם,צירופי מילים,Bakbuk Mayim,Bottle of water,combo_bakbuk_mayim.wav,4,צירופי_מילים,
842,קניון,קַנְיוֹן,צירופי מילים,Kanyon,Shopping mall,combo_kanyon.wav,4,צירופי_מילים,
843,לוח מודעות,לוּחַ מוֹדָעוֹת,צירופי מילים,Lu'ach Moda'ot,Notice board,combo_luach_modaot.wav,4,צירופי_מילים,
844,גן חיות,גַּן חַיּוֹת,צירופי מילים,Gan Chayot,Zoo,combo_gan_chayot.wav,4,צירופי_מילים,
845,פח אשפה,פַּח אַשְׁפָּה,צירופי מילים,Pach Ashpa,Trash can,combo_pach_ashpa.wav,4,צירופי_מילים,
846,כח משיכה,כֹּחַ מְשִׁיכָה,צירופי מילים,Ko'ach Meshicha,Gravity,combo_koach_meshicha.wav,4,צירופי_מילים,
847,קרם הגנה,קֶרֶם הֲגָנָה,צירופי מילים,Krem Hagana,Sunscreen,combo_krem_hagana.wav,4,צירופי_מילים,
848,משקפי שמש,מִשְׁקְפֵי שֶׁמֶשׁ,צירופי מילים,Mishkefei Shemesh,Sunglasses,combo_mishkefei_shemesh.wav,4,צירופי_מילים,
849,בגד ים,בֶּגֶד יָם,צירופי מילים,Beged Yam,Swimsuit,combo_beged_yam.wav,4,צירופי_מילים,
850,מגרש משחקים,מִגְרַשׁ מִשְׂחָקִים,צירופי מילים,Migrash Mischakim,Playground,combo_migrash_mischakim.wav,4,צירופי_מילים,
851,משקפים,מִשְׁקָפַיִם,צירופי מילים,Mishkafayim,Glasses,combo_mishkafayim.wav,4,צירופי_מילים,
852,שעון יד,שְׁעוֹן יָד,צירופי מילים,Sha'on Yad,Wristwatch,combo_shaon_yad.wav,4,צירופי_מילים,
853,בית מרקחת,בֵּית מִרְקַחַת,צירופי מילים,Beit Mirkachat,Pharmacy,combo_beit_mirkachat.wav,4,צירופי_מילים,
854,יושבים,יוֹשְׁבִים,פעלים - רבים הווה,Yoshvim,"Sit (m, pl)",verb_yoshvim.wav,3,פעלים_-_רבים_הווה,
855,יושבות,יוֹשְׁבוֹת,פעלים - רבים הווה,Yoshvot,"Sit (f, pl)",verb_yoshvot.wav,3,פעלים_-_רבים_הווה,
856,עומדים,עוֹמְדִים,פעלים - רבים הווה,Omdim,"Stand (m, pl)",verb_omdim.wav,3,פעלים_-_רבים_הווה,
857,עומדות,עוֹמְדוֹת,פעלים - רבים הווה,Omdot,"Stand (f, pl)",verb_omdot.wav,3,פעלים_-_רבים_הווה,
858,מדברים,מְדַבְּרִים,פעלים - רבים הווה,Medabrim,"Speak (m, pl)",verb_medabrim.wav,3,פעלים_-_רבים_הווה,
859,מדברות,מְדַבְּרוֹת,פעלים - רבים הווה,Medabrot,"Speak (f, pl)",verb_medabrot.wav,3,פעלים_-_רבים_הווה,
860,נותנים,נוֹתְנִים,פעלים - רבים הווה,Notnim,"Give (m, pl)",verb_notnim.wav,3,פעלים_-_רבים_הווה,
861,נותנות,נוֹתְנוֹת,פעלים - רבים הווה,Notnot,"Give (f, pl)",verb_notnot.wav,3,פעלים_-_רבים_הווה,
862,לוקחים,לוֹקְחִים,פעלים - רבים הווה,Lokchim,"Take (m, pl)",verb_lokchim.wav,3,פעלים_-_רבים_הווה,
863,לוקחות,לוֹקְחוֹת,פעלים - רבים הווה,Lokchot,"Take (f, pl)",verb_lokchot.wav,3,פעלים_-_רבים_הווה,
864,חושבים,חוֹשְׁבִים,פעלים - רבים הווה,Choshvim,"Think (m, pl)",verb_choshvim.wav,3,פעלים_-_רבים_הווה,
865,חושבות,חוֹשְׁבוֹת,פעלים - רבים הווה,Choshvot,"Think (f, pl)",verb_choshvot.wav,3,פעלים_-_רבים_הווה,
866,מבינים,מְבִינִים,פעלים - רבים הווה,Mevinim,"Understand (m, pl)",verb_mevinim.wav,3,פעלים_-_רבים_הווה,
867,מבינות,מְבִינוֹת,פעלים - רבים הווה,Mevinot,"Understand (f, pl)",verb_mevinot.wav,3,פעלים_-_רבים_הווה,
868,שואלים,שׁוֹאֲלִים,פעלים - רבים הווה,Sho'alim,"Ask (m, pl)",verb_shoalim.wav,3,פעלים_-_רבים_הווה,
869,שואלות,שׁוֹאֲלוֹת,פעלים - רבים הווה,Sho'alot,"Ask (f, pl)",verb_shoalot.wav,3,פעלים_-_רבים_הווה,
870,עונים,עוֹנִים,פעלים - רבים הווה,Onim,"Answer (m, pl)",verb_onim.wav,3,פעלים_-_רבים_הווה,
871,עונות,עוֹנוֹת,פעלים - רבים הווה,Onot,"Answer (f, pl)",verb_onot.wav,3,פעלים_-_רבים_הווה,
872,צריכים,צְרִיכִים,פעלים - רבים הווה,Tzrichim,"Need (m, pl)",verb_tzrichim.wav,3,פעלים_-_רבים_הווה,
873,צריכות,צְרִיכוֹת,פעלים - רבים הווה,Tzrichot,"Need (f, pl)",verb_tzrichot.wav,3,פעלים_-_רבים_הווה,
874,פתוחים,פְּתוּחִים,צורות רבים,Ptuchim,"Open (m, pl)",adj_ptuchim.wav,3,צורות_רבים,
875,פתוחות,פְּתוּחוֹת,צורות רבים,Ptuchot,"Open (f, pl)",adj_ptuchot.wav,3,צורות_רבים,
876,סגורים,סְגוּרִים,צורות רבים,Sgurim,"Closed (m, pl)",adj_sgurim.wav,3,צורות_רבים,
877,סגורות,סְגוּרוֹת,צורות רבים,Sgurot,"Closed (f, pl)",adj_sgurot.wav,3,צורות_רבים,
878,מלאים,מְלֵאִים,צורות רבים,Mele'im,"Full (m, pl)",adj_meleim.wav,3,צורות_רבים,
879,מלאות,מְלֵאוֹת,צורות רבים,Mele'ot,"Full (f, pl)",adj_meleot.wav,3,צורות_רבים,
880,ריקים,רֵיקִים,צורות רבים,Rekim,"Empty (m, pl)",adj_rekim.wav,3,צורות_רבים,
881,ריקות,רֵיקוֹת,צורות רבים,Rekot,"Empty (f, pl)",adj_rekot.wav,3,צורות_רבים,
882,שבורים,שְׁבוּרִים,צורות רבים,Shvurim,"Broken (m, pl)",adj_shvurim.wav,3,צורות_רבים,
883,שבורות,שְׁבוּרוֹת,צורות רבים,Shvurot,"Broken (f, pl)",adj_shvurot.wav,3,צורות_רבים,
884,רטבים,רְטֻבִּים,צורות רבים,Retubim,"Wet (m, pl)",adj_retubim.wav,3,צורות_רבים,
885,רטבות,רְטֻבּוֹת,צורות רבים,Retubot,"Wet (f, pl)",adj_retubot.wav,3,צורות_רבים,
886,יבשים,יְבֵשִׁים,צורות רבים,Yeveshim,"Dry (m, pl)",adj_yeveshim.wav,3,צורות_רבים,
887,יבשות,יְבֵשׁוֹת,צורות רבים,Yeveshot,"Dry (f, pl)",adj_yeveshot.wav,3,צורות_רבים,
888,משקל,מִשְׁקָל,מושגים כלליים,Mishkal,Weight,general_mishkal.wav,3,מושגים_כלליים,
889,גבה,גֹּבַהּ,מושגים כלליים,Govah,Height,general_govah.wav,3,מושגים_כלליים,
890,ארך,אֹרֶךְ,מושגים כלליים,Orech,Length,general_orech.wav,3,מושגים_כלליים,
891,רחב,רֹחַב,מושגים כלליים,Rochav,Width,general_rochav.wav,3,מושגים_כלליים,
892,מרחק,מֶרְחָק,מושגים כלליים,Merchak,Distance,general_merchak.wav,3,מושגים_כלליים,
893,מהירות,מְהִירוּת,מושגים כלליים,Mehirut,Speed,general_mehirut.wav,3,מושגים_כלליים,
894,טמפרטורה,טֶמְפֶּרָטוּרָה,מושגים כלליים,Temperatura,Temperature,general_temperatura.wav,3,מושגים_כלליים,
895,רמה,רַמָה,מושגים כלליים,Rama,Level,general_rama.wav,3,מושגים_כלליים,
896,איכות,אֵיכוּת,מושגים כלליים,Eichut,Quality,general_eichut.wav,3,מושגים_כלליים,
897,כמות,כַּמּוּת,מושגים כלליים,Kamut,Quantity,general_kamut.wav,3,מושגים_כלליים,
898,אהבה,אַהֲבָה,רגשות מורכבים,Ahava,Love,feeling_ahava.wav,3,רגשות_מורכבים,
899,שנאה,שִׂנְאָה,רגשות מורכבים,Sin'a,Hate,feeling_sina.wav,3,רגשות_מורכבים,
900,קנאה,קִנְאָה,רגשות מורכבים,Kin'a,Jealousy,feeling_kina.wav,3,רגשות_מורכבים,
901,תקוה,תִּקְוָה,רגשות מורכבים,Tikva,Hope,feeling_tikva.wav,3,רגשות_מורכבים,
902,יאוש,יֵאוּשׁ,רגשות מורכבים,Ye'ush,Despair,feeling_yeush.wav,3,רגשות_מורכבים,
903,הקלה,הַקְלָה,רגשות מורכבים,Hakala,Relief,feeling_hakala.wav,3,רגשות_מורכבים,
904,חרטה,חֲרָטָה,רגשות מורכבים,Charata,Regret,feeling_charata.wav,3,רגשות_מורכבים,
905,הפתעה,הַפְתָּעָה,רגשות מורכבים,Hafta'a,Surprise,feeling_haftaa.wav,3,רגשות_מורכבים,
906,בדידות,בְּדִידוּת,רגשות מורכבים,Bdidut,Loneliness,feeling_bdidut.wav,3,רגשות_מורכבים,
907,געגוע,גַּעֲגוּעַ,רגשות מורכבים,Ga'agu'a,Missing/Longing,feeling_gaagua.wav,3,רגשות_מורכבים,
908,חם,חַם,מזג אוויר,Cham,Hot,weather_cham.wav,3,מזג_אוויר,
909,קר,קַר,מזג אוויר,Kar,Cold,weather_kar.wav,3,מזג_אוויר,
910,נעים,נָעִים,מזג אוויר,Na'im,Pleasant,weather_naim.wav,3,מזג_אוויר,
911,שמשי,שִׁמְשִׁי,מזג אוויר,Shimshi,Sunny,weather_shimshi.wav,3,מזג_אוויר,
912,מענן,מְעֻנָּן,מזג אוויר,Me'unan,Cloudy,weather_meunan.wav,3,מזג_אוויר,
913,גשום,גָּשׁוּם,מזג אוויר,Gashum,Rainy,weather_gashum.wav,3,מזג_אוויר,
914,סוער,סוֹעֵר,מזג אוויר,So'er,Stormy,weather_soer.wav,3,מזג_אוויר,
915,משלג,מֻשְׁלָג,מזג אוויר,Mushlag,Snowy,weather_mushlag.wav,3,מזג_אוויר,
916,לח,לַח,מזג אוויר,Lach,Humid,weather_lach.wav,3,מזג_אוויר,
917,יבש,יָבֵשׁ,מזג אוויר,Yavesh,Dry,weather_yavesh.wav,3,מזג_אוויר,
918,ברד,בָּרָד,מזג אוויר,Barad,Hail,weather_barad.wav,3,מזג_אוויר,
919,רעם,רַעַם,מזג אוויר,Ra'am,Thunder,weather_raam.wav,3,מזג_אוויר,
920,ברק,בָּרָק,מזג אוויר,Barak,Lightning,weather_barak.wav,3,מזג_אוויר,
921,קשת,קֶשֶׁת,מזג אוויר,Keshet,Rainbow,weather_keshet.wav,3,מזג_אוויר,
922,חוף,חוֹף,מושגי טבע,Chof,Beach/Coast,nature_chof.wav,3,מושגי_טבע,
923,אי,אִי,מושגי טבע,I,Island,nature_i.wav,3,מושגי_טבע,
924,הר געש,הַר גַּעַשׁ,מושגי טבע,Har Ga'ash,Volcano,nature_har_gaash.wav,3,מושגי_טבע,
925,מפל,מַפָּל,מושגי טבע,Mapal,Waterfall,nature_mapal.wav,3,מושגי_טבע,
926,מערה,מְעָרָה,מושגי טבע,Me'ara,Cave,nature_meara.wav,3,מושגי_טבע,
927,שקיעה,שְׁקִיעָה,מושגי טבע,Shki'a,Sunset,nature_shkia.wav,3,מושגי_טבע,
928,זריחה,זְרִיחָה,מושגי טבע,Zricha,Sunrise,nature_zricha.wav,3,מושגי_טבע,
929,ירח,יָרֵחַ,מושגי טבע,Yare'ach,Moon,nature_yareach.wav,3,מושגי_טבע,
930,כוכבים,כּוֹכָבִים,מושגי טבע,Kochavim,Stars,nature_kochavim.wav,3,מושגי_טבע,
931,גל,גַּל,מושגי טבע,Gal,Wave,nature_gal.wav,3,מושגי_טבע,
932,יצטרכו,יִצְטָרְכוּ,פעלים - עתיד,Yitztarchu,Will need (pl),verb_yitztarchu.wav,4,פעלים_-_עתיד,
933,יוכלו,יוּכְלוּ,פעלים - עתיד,Yuchlu,Will be able (pl),verb_yuchlu.wav,4,פעלים_-_עתיד,
934,יבינו,יָבִינוּ,פעלים - עתיד,Yavinu,Will understand (pl),verb_yavinu.wav,4,פעלים_-_עתיד,
935,יחפשו,יְחַפְּשׂוּ,פעלים - עתיד,Yechapsu,Will search (pl),verb_yechapsu.wav,4,פעלים_-_עתיד,
936,ימצאו,יִמְצְאוּ,פעלים - עתיד,Yimtze'u,Will find (pl),verb_yimtzeu.wav,4,פעלים_-_עתיד,
937,יזכרו,יִזְכְּרוּ,פעלים - עתיד,Yizkeru,Will remember (pl),verb_yizkeru.wav,4,פעלים_-_עתיד,
938,ישכחו,יִשְׁכְּחוּ,פעלים - עתיד,Yishkechu,Will forget (pl),verb_yishkechu.wav,4,פעלים_-_עתיד,
939,אין בעיה,אֵין בְּעָיָה,ביטויים,Ein Be'aya,No problem,phrase_ein_beaya.wav,4,ביטויים,
940,אין דבר,אֵין דָּבָר,ביטויים,Ein Davar,Never mind/It's nothing,phrase_ein_davar.wav,4,ביטויים,
941,מה קורה,מָה קוֹרֶה,ביטויים,Ma Kore?,What's up?,phrase_ma_kore.wav,4,ביטויים,
942,כמה זה עולה,כַּמָּה זֶה עוֹלֶה,ביטויים,Kama Ze Oleh?,How much does it cost?,phrase_kama_ze_oleh.wav,4,ביטויים,
943,אני לא מבין,אֲנִי לֹא מֵבִין,ביטויים,Ani Lo Mevin,I don't understand (m),phrase_ani_lo_mevin.wav,4,ביטויים,
944,אני לא מבינה,אֲנִי לֹא מְבִינָה,ביטויים,Ani Lo Mevina,I don't understand (f),phrase_ani_lo_mevina.wav,4,ביטויים,
945,אני לא יודע,אֲנִי לֹא יוֹדֵעַ,ביטויים,Ani Lo Yode'a,I don't know (m),phrase_ani_lo_yodea.wav,4,ביטויים,
946,אני לא יודעת,אֲנִי לֹא יוֹדַעַת,ביטויים,Ani Lo Yoda'at,I don't know (f),phrase_ani_lo_yodaat.wav,4,ביטויים,
947,אני צריך עזרה,אֲנִי צָרִיךְ עֶזְרָה,ביטויים,Ani Tzarich Ezra,I need help (m),phrase_ani_tzarich_ezra.wav,4,ביטויים,
948,אני צריכה עזרה,אֲנִי צְרִיכָה עֶזְרָה,ביטויים,Ani Tzricha Ezra,I need help (f),phrase_ani_tzricha_ezra.wav,4,ביטויים,
949,להתראות,לְהִתְרָאוֹת,ביטויים,Lehitra'ot,See you later/Goodbye,phrase_lehitraot.wav,4,ביטויים,
950,שבוע טוב,שָׁבוּעַ טוֹב,ביטויים,Shavu'a Tov,Have a good week,phrase_shavua_tov.wav,4,ביטויים,
951,חג שמח,חַג שָׂמֵחַ,ביטויים,Chag Same'ach,Happy holiday,phrase_chag_sameach.wav,4,ביטויים,
952,שבת שלום,שַׁבָּת שָׁלוֹם,ביטויים,Shabbat Shalom,Have a peaceful Sabbath,phrase_shabbat_shalom.wav,4,ביטויים,
953,מברשת שנים,מִבְרֶשֶׁת שִׁנַּיִם,צירופי מילים,Mivreshet Shinayim,Toothbrush,combo_mivreshet_shinayim.wav,4,צירופי_מילים,
954,כותבים,כּוֹתְבִים,פעלים - רבים הווה,Kotvim,"Write (m, pl)",verb_kotvim.wav,3,פעלים_-_רבים_הווה,
955,כותבות,כּוֹתְבוֹת,פעלים - רבים הווה,Kotvot,"Write (f, pl)",verb_kotvot.wav,3,פעלים_-_רבים_הווה,
956,קוראים,קוֹרְאִים,פעלים - רבים הווה,Kor'im,"Read (m, pl)",verb_korim.wav,3,פעלים_-_רבים_הווה,
957,קוראות,קוֹרְאוֹת,פעלים - רבים הווה,Kor'ot,"Read (f, pl)",verb_korot.wav,3,פעלים_-_רבים_הווה,
958,עובדים,עוֹבְדִים,פעלים - רבים הווה,Ovdim,"Work (m, pl)",verb_ovdim.wav,3,פעלים_-_רבים_הווה,
959,עובדות,עוֹבְדוֹת,פעלים - רבים הווה,Ovdot,"Work (f, pl)",verb_ovdot.wav,3,פעלים_-_רבים_הווה,
960,לומדים,לוֹמְדִים,פעלים - רבים הווה,Lomdim,"Learn (m, pl)",verb_lomdim.wav,3,פעלים_-_רבים_הווה,
961,לומדות,לוֹמְדוֹת,פעלים - רבים הווה,Lomdot,"Learn (f, pl)",verb_lomdot.wav,3,פעלים_-_רבים_הווה,
962,יודעים,יוֹדְעִים,פעלים - רבים הווה,Yod'im,"Know (m, pl)",verb_yodim.wav,3,פעלים_-_רבים_הווה,
963,יודעות,יוֹדְעוֹת,פעלים - רבים הווה,Yod'ot,"Know (f, pl)",verb_yodot.wav,3,פעלים_-_רבים_הווה,
964,היו,הָיוּ,פעלים - רבים עבר,Hayu,Were (pl),verb_hayu.wav,3,פעלים_-_רבים_עבר,
965,אמרו,אָמְרוּ,פעלים - רבים עבר,Amru,Said (pl),verb_amru.wav,3,פעלים_-_רבים_עבר,
966,הלכו,הָלְכוּ,פעלים - רבים עבר,Halchu,Went (pl),verb_halchu.wav,3,פעלים_-_רבים_עבר,
967,ראו,רָאוּ,פעלים - רבים עבר,Ra'u,Saw (pl),verb_rau.wav,3,פעלים_-_רבים_עבר,
968,שמעו,שָׁמְעוּ,פעלים - רבים עבר,Sham'u,Heard (pl),verb_shamu.wav,3,פעלים_-_רבים_עבר,
969,אכלו,אָכְלוּ,פעלים - רבים עבר,Achlu,Ate (pl),verb_achlu.wav,3,פעלים_-_רבים_עבר,
970,שתו,שָׁתוּ,פעלים - רבים עבר,Shatu,Drank (pl),verb_shatu.wav,3,פעלים_-_רבים_עבר,
971,כתבו,כָּתְבוּ,פעלים - רבים עבר,Katvu,Wrote (pl),verb_katvu.wav,3,פעלים_-_רבים_עבר,
972,קראו,קָרְאוּ,פעלים - רבים עבר,Kar'u,Read (pl),verb_karu.wav,3,פעלים_-_רבים_עבר,
973,נתנו,נָתְנוּ,פעלים - רבים עבר,Natnu,Gave (pl),verb_natnu.wav,3,פעלים_-_רבים_עבר,
974,עשו,עָשׂוּ,פעלים - רבים עבר,Asu,Did (pl),verb_asu.wav,3,פעלים_-_רבים_עבר,
975,ישבו,יָשְׁבוּ,פעלים - רבים עבר,Yashvu,Sat (pl),verb_yashvu.wav,3,פעלים_-_רבים_עבר,
976,עמדו,עָמְדוּ,פעלים - רבים עבר,Amdu,Stood (pl),verb_amdu.wav,3,פעלים_-_רבים_עבר,
977,רצו,רָצוּ,פעלים - רבים עבר,Ratzu,Ran (pl),verb_ratzu_ran.wav,3,פעלים_-_רבים_עבר,
978,ידעו,יָדְעוּ,פעלים - רבים עבר,Yad'u,Knew (pl),verb_yadu.wav,3,פעלים_-_רבים_עבר,
979,רצו,רָצוּ,פעלים - רבים עבר,Ratzu,Wanted (pl),verb_ratzu_wanted.wav,3,פעלים_-_רבים_עבר,
980,יכלו,יָכְלוּ,פעלים - רבים עבר,Yachlu,Could (pl),verb_yachlu.wav,3,פעלים_-_רבים_עבר,
981,פתחו,פָּתְחוּ,פעלים - רבים עבר,Patchu,Opened (pl),verb_patchu.wav,3,פעלים_-_רבים_עבר,
982,סגרו,סָגְרוּ,פעלים - רבים עבר,Sagru,Closed (pl),verb_sagru.wav,3,פעלים_-_רבים_עבר,
983,קנו,קָנוּ,פעלים - רבים עבר,Kanu,Bought (pl),verb_kanu.wav,3,פעלים_-_רבים_עבר,
984,יאמרו,יֹאמְרוּ,פעלים - רבים עתיד,Yomru,Will say (pl),verb_yomru.wav,3,פעלים_-_רבים_עתיד,
985,ילכו,יֵלְכוּ,פעלים - רבים עתיד,Yelchu,Will go (pl),verb_yelchu.wav,3,פעלים_-_רבים_עתיד,
986,יראו,יִרְאוּ,פעלים - רבים עתיד,Yir'u,Will see (pl),verb_yiru.wav,3,פעלים_-_רבים_עתיד,
987,ישמעו,יִשְׁמְעוּ,פעלים - רבים עתיד,Yishme'u,Will hear (pl),verb_yishmeu.wav,3,פעלים_-_רבים_עתיד,
988,יאכלו,יֹאכְלוּ,פעלים - רבים עתיד,Yochlu,Will eat (pl),verb_yochlu.wav,3,פעלים_-_רבים_עתיד,
989,ישתו,יִשְׁתּוּ,פעלים - רבים עתיד,Yishtu,Will drink (pl),verb_yishtu.wav,3,פעלים_-_רבים_עתיד,
990,יכתבו,יִכְתְּבוּ,פעלים - רבים עתיד,Yichtevu,Will write (pl),verb_yichtevu.wav,3,פעלים_-_רבים_עתיד,
991,יקראו,יִקְרְאוּ,פעלים - רבים עתיד,Yikre'u,Will read (pl),verb_yikreu.wav,3,פעלים_-_רבים_עתיד,
992,יתנו,יִתְּנוּ,פעלים - רבים עתיד,Yitnu,Will give (pl),verb_yitnu.wav,3,פעלים_-_רבים_עתיד,
993,יהיו,יִהְיוּ,פעלים - רבים עתיד,Yihiyu,Will be (pl),verb_yihiyu.wav,3,פעלים_-_רבים_עתיד,
994,יעבדו,יַעַבְדוּ,פעלים - רבים עתיד,Ya'avdu,Will work (pl),verb_yaavdu.wav,3,פעלים_-_רבים_עתיד,
995,ילמדו,יִלְמְדוּ,פעלים - רבים עתיד,Yilmedu,Will learn (pl),verb_yilmedu.wav,3,פעלים_-_רבים_עתיד,
996,ישחקו,יְשַׂחֲקוּ,פעלים - רבים עתיד,Yesachaku,Will play (pl),verb_yesachaku.wav,3,פעלים_-_רבים_עתיד,
997,ירוצו,יָרוּצוּ,פעלים - רבים עתיד,Yarutzu,Will run (pl),verb_yarutzu.wav,3,פעלים_-_רבים_עתיד,
998,ישבו,יֵשְׁבוּ,פעלים - רבים עתיד,Yeshvu,Will sit (pl),verb_yeshvu.wav,3,פעלים_-_רבים_עתיד,
999,יעמדו,יַעַמְדוּ,פעלים - רבים עתיד,Ya'amdu,Will stand (pl),verb_yaamdu.wav,3,פעלים_-_רבים_עתיד,
1000,יפתחו,יִפְתְּחוּ,פעלים - רבים עתיד,Yiftechi,Will open (pl),verb_yiftechi.wav,3,פעלים_-_רבים_עתיד,
